timestamp;Basel Temperature [2 m elevation corrected];Basel Temperature [2 m elevation corrected];Basel Temperature [2 m elevation corrected];Basel Relative Humidity [2 m];Basel Relative Humidity [2 m];Basel Relative Humidity [2 m];Basel Wind Speed [10 m];Basel Wind Speed [10 m];Basel Wind Speed [10 m];Basel Wind Direction Dominant [10 m]
2019-01-01T00:00:00;5.365029;3.1250288;4.0691953;95;90;93.375;9.904906;1.1384199;6.495977;253.8866
2019-01-02T00:00:00;3.6150289;0.035028815;2.117529;95;66;80.833336;20.371038;1.609969;11.034253;308.56964
2019-01-03T00:00:00;2.2550287;-2.2549713;-0.09205454;94;58;76.791664;9.693296;0.5091169;3.743149;41.134552
2019-01-04T00:00:00;3.1750288;-1.0749712;0.7687788;94;66;80.333336;7.42159;1.484318;5.300738;337.59787
2019-01-05T00:00:00;2.6150289;1.3150288;1.7141954;96;80;91.708336;16.09969;7.24486;11.336482;244.8313
2019-01-06T00:00:00;3.0450287;0.83502877;1.8329455;96;84;92.583336;10.538843;5.1544156;8.814588;265.07806
2019-01-07T00:00:00;5.2450285;0.89502877;2.0975287;95;67;89.541664;14.291592;2.3051248;5.2798476;263.6598
2019-01-08T00:00:00;3.4650288;1.4850287;2.4346118;98;89;94.041664;42.609463;16.08761;27.876648;253.29108
2019-01-09T00:00:00;3.0250287;0.58502877;1.7700287;97;79;91.083336;40.794525;11.183201;26.974485;303.04315
2019-01-10T00:00:00;2.2150288;-0.75497127;0.42127883;95;75;89.375;12.24;7.4128532;10.77637;346.36533
2019-01-11T00:00:00;4.865029;-0.53497124;0.8537788;96;54;84.833336;14.291592;0.35999998;7.954596;226.30423
2019-01-12T00:00:00;2.7550287;0.36502874;1.4721122;97;85;93.208336;31.160282;11.090103;17.694242;224.93097
2019-01-13T00:00:00;5.845029;1.7550287;3.5429456;99;93;96.958336;48.214466;21.028437;29.486502;238.46808
2019-01-14T00:00:00;6.1550283;3.565029;4.646695;99;83;93.25;46.1306;12.0694;30.45085;285.35284
2019-01-15T00:00:00;5.405029;0.58502877;3.4879453;95;73;87.333336;17.727943;6.725354;10.388716;233.69977
2019-01-16T00:00:00;10.095029;-0.9349711;3.0566957;97;49;80.958336;15.111424;6.130579;10.1784525;182.30768
2019-01-17T00:00:00;6.7950287;-0.42497122;3.233779;96;76;86.583336;38.82162;16.645864;27.041945;240.83719
2019-01-18T00:00:00;3.2250288;-0.6949713;1.1312786;94;62;79.541664;22.768398;0.5091169;7.529759;336.99115
2019-01-19T00:00:00;3.4450288;-2.0649712;0.31044552;93;57;80.291664;7.42159;4.39436;5.6172028;131.4733
2019-01-20T00:00:00;5.4550285;-2.1449711;2.0866954;95;67;86.208336;7.928177;3.319036;5.9191365;127.89097
2019-01-21T00:00:00;3.6950288;0.19502878;1.7741956;95;68;83.833336;8.766573;0.8049845;5.973919;27.290268
2019-01-22T00:00:00;3.585029;-3.3349712;-0.08455449;94;62;82.333336;14.689589;6.489992;9.467455;181.84135
2019-01-23T00:00:00;5.805029;-3.5949714;1.1608621;94;59;79.166664;10.00256;4.32;8.171254;108.09185
2019-01-24T00:00:00;1.4850287;-2.3749712;-0.79455465;94;65;78.708336;13.608762;5.3999996;8.154645;307.18164
2019-01-25T00:00:00;2.535029;-2.9649713;-1.0295545;89;58;77.833336;16.78156;4.32;7.571628;227.55531
2019-01-26T00:00:00;4.7950287;-0.47497118;2.297529;96;82;89.875;21.273533;16.870138;18.885677;211.19116
2019-01-27T00:00:00;7.4950285;1.9450288;4.5829453;96;72;86.833336;45.178204;21.42227;32.59879;222.51572
2019-01-28T00:00:00;2.6150289;0.83502877;1.6558622;96;88;93.833336;50.45782;20.969805;39.78435;261.2285
2019-01-29T00:00:00;5.4950285;0.32502878;2.012529;96;57;81.25;16.62249;6.87779;11.483796;206.4913
2019-01-30T00:00:00;2.4150288;-3.5749714;0.38127872;96;75;84.875;62.067383;11.269782;33.394943;227.37746
2019-01-31T00:00:00;4.9950285;-1.8349712;1.6375289;95;65;83.958336;16.65754;10.365251;13.020677;158.52911
2019-02-01T00:00:00;5.805029;2.1550288;4.0737786;98;70;88.625;13.849477;2.1897945;8.039901;140.07011
2019-02-02T00:00:00;9.4550295;2.9050288;5.213779;100;67;86;12.496718;4.510787;9.455289;233.38062
2019-02-03T00:00:00;3.3550286;0.6250288;2.0287786;95;84;90.75;17.068707;7.42159;11.717647;326.45593
2019-02-04T00:00:00;3.055029;-0.9049711;0.5858621;96;63;83.833336;9.387651;2.968636;6.139214;117.13045
2019-02-05T00:00:00;7.9550285;-1.7549713;2.0837789;99;54;80.458336;7.386582;3.319036;4.7844677;130.13828
2019-02-06T00:00:00;8.775029;-3.3449714;1.7271119;99;49;78.458336;9.178235;5.771239;7.684677;164.49425
2019-02-07T00:00:00;6.3350286;-1.2449713;3.256279;100;77;90.958336;15.256526;9.605998;12.30656;197.29933
2019-02-08T00:00:00;9.305029;2.4150288;5.2883625;100;59;85.416664;16.327497;11.27553;14.047811;190.21909
2019-02-09T00:00:00;10.475029;-0.8549712;5.587112;95;69;85.083336;40.633778;14.512064;25.740973;220.99533
2019-02-10T00:00:00;13.525029;3.6650288;7.5487785;93;53;80.666664;64.403786;14.408997;41.51649;225.50621
2019-02-11T00:00:00;5.345029;2.0450287;3.472112;94;75;86.583336;46.452557;10.446206;28.665535;269.1228
2019-02-12T00:00:00;7.0050287;1.6950288;3.8875284;95;56;78.75;9.114471;1.9386592;5.893765;257.13724
2019-02-13T00:00:00;9.165029;-0.7249713;3.6971118;94;52;75.5;7.42159;4.68;5.7604814;107.99308
2019-02-14T00:00:00;12.805029;0.9550288;5.8808627;100;52;75.333336;7.9932966;5.3999996;6.941946;121.920876
2019-02-15T00:00:00;13.365029;-0.78497124;5.715445;97;48;77.083336;8.435069;6.1305785;7.4139824;125.35935
2019-02-16T00:00:00;16.255028;1.3150288;7.820029;94;42;67.25;9.826088;5.937272;8.098589;150.3487
2019-02-17T00:00:00;16.875029;0.19502878;7.592112;91;37;67.833336;10.233123;6.989936;9.018402;144.71805
2019-02-18T00:00:00;15.715029;-0.09497118;7.2233624;91;39;66.875;10.239453;3.7064266;7.7047653;155.26453
2019-02-19T00:00:00;11.025029;0.08502877;6.406696;97;67;81.208336;14.336861;4.0249224;10.040831;203.2498
2019-02-20T00:00:00;14.085029;4.055029;9.126696;98;57;77.5;8.350138;1.609969;5.4261;194.4503
2019-02-21T00:00:00;15.745029;1.7650288;9.082112;94;49;73.666664;8.473393;2.52;6.5221744;186.29543
2019-02-22T00:00:00;12.845029;4.4550285;8.504613;99;71;86.625;19.13426;1.9386592;9.989918;76.83676
2019-02-23T00:00:00;12.515029;3.7450287;6.996695;95;35;71.583336;22.657131;8.891344;14.745064;70.19229
2019-02-24T00:00:00;12.055029;-0.4449712;5.419195;78;35;59.958332;9.360001;5.04;7.488585;83.37294
2019-02-25T00:00:00;14.525029;1.1450288;7.3571115;100;44;70.75;12.979984;5.937272;8.903507;74.80475
2019-02-26T00:00:00;16.545029;2.6950288;8.684612;96;48;78.166664;10.365251;3.96;7.06025;93.3197
2019-02-27T00:00:00;18.035028;2.0450287;9.848778;99;38;70;10.308831;2.9024127;5.853659;116.13426
2019-02-28T00:00:00;16.435028;0.71502876;9.417529;97;58;74.958336;39.25321;11.013882;23.133734;240.54633
2019-03-01T00:00:00;9.285028;6.7450285;8.068778;94;84;88.916664;37.923225;10.144082;27.194834;254.57892
2019-03-02T00:00:00;12.605029;5.9550285;8.561696;95;60;84.041664;29.882166;9.504272;17.341362;237.1372
2019-03-03T00:00:00;15.225029;5.215029;9.764612;95;48;74.625;33.626774;13.32;20.372805;217.16277
2019-03-04T00:00:00;10.095029;0.19502878;5.844195;97;58;80.458336;66.31235;15.496736;36.349083;229.2172
2019-03-05T00:00:00;10.385029;2.3150287;6.2358613;89;55;76.375;44.33996;11.183201;29.704834;234.19586
2019-03-06T00:00:00;17.335028;-0.78497124;8.3716955;92;36;65.916664;13.584932;9.793059;11.840095;143.93956
2019-03-07T00:00:00;10.055029;3.305029;7.5858626;94;67;82.583336;42.732468;8.557102;23.37049;221.6987
2019-03-08T00:00:00;10.825029;4.575029;7.0621114;93;50;76.708336;31.52005;13.684735;23.089956;237.34573
2019-03-09T00:00:00;10.465029;3.2950287;7.782112;96;63;82.708336;45.504055;15.175612;26.585838;229.2569
2019-03-10T00:00:00;12.915029;5.935029;9.544611;95;78;86.166664;56.812744;11.503113;37.185886;241.96783
2019-03-11T00:00:00;5.565029;0.44502878;3.9296122;91;67;78.666664;43.582306;14.24163;33.948933;267.0256
2019-03-12T00:00:00;13.415029;-1.5749712;6.074612;97;26;60.791668;41.849903;11.27553;17.533201;201.97536
2019-03-13T00:00:00;8.525029;3.4050288;5.4687786;94;65;80.583336;45.891174;30.312773;38.23366;246.14624
2019-03-14T00:00:00;6.0050287;3.3950288;4.3379455;94;86;90.166664;46.16149;30.758411;35.429073;237.41257
2019-03-15T00:00:00;9.805029;5.555029;7.9041953;95;88;91.916664;50.442413;24.863466;36.778122;242.3889
2019-03-16T00:00:00;15.305029;3.7950287;9.51961;97;53;80.625;39.69969;10.948973;28.269487;234.86676
2019-03-17T00:00:00;13.915029;-0.38497126;6.0687785;96;52;78.125;49.946674;11.720751;26.132645;250.48271
2019-03-18T00:00:00;6.7450285;2.805029;4.3325286;90;64;77.916664;27.852928;2.5959969;17.931862;256.9834
2019-03-19T00:00:00;9.885029;1.1450288;5.4062786;97;50;71.416664;13.246826;2.52;6.460783;72.30636
2019-03-20T00:00:00;11.885029;-0.044971228;5.6383615;92;47;71.375;22.077717;3.5455887;11.359632;69.05824
2019-03-21T00:00:00;14.155029;-0.78497124;6.3179455;96;41;70.583336;20.150354;6.28713;11.059375;74.27013
2019-03-22T00:00:00;17.555029;0.9450288;9.7658615;97;43;65.208336;8.049845;0.71999997;4.5882545;157.73175
2019-03-23T00:00:00;18.285028;3.8450289;11.716695;95;45;67.625;8.557102;1.1384199;5.570439;43.191254
2019-03-24T00:00:00;17.875029;4.815029;11.612946;100;52;75.166664;16.485485;2.8116899;8.126769;306.90448
2019-03-25T00:00:00;10.935029;2.9450288;7.585029;89;54;73.291664;25.277023;7.9932976;14.603047;322.50476
2019-03-26T00:00:00;8.965029;3.0950289;5.695029;91;56;71.625;13.1041975;5.6002855;8.454975;18.970398
2019-03-27T00:00:00;11.475029;2.9150288;7.2933617;82;54;68.708336;22.288042;4.8965297;11.90022;55.02575
2019-03-28T00:00:00;14.825029;0.44502878;8.188362;95;49;69.458336;25.294964;5.1919937;14.938164;65.47482
2019-03-29T00:00:00;16.955029;1.6350288;9.312945;96;49;72.958336;10.703569;3.4152596;5.8792567;108.54471
2019-03-30T00:00:00;18.715029;1.5850288;11.516278;88;39;61.333332;7.7043357;0.8049845;4.529665;128.73651
2019-03-31T00:00:00;19.105028;3.2250288;12.167945;91;39;63.333332;16.09969;3.8268526;9.2108965;75.67278
2019-04-01T00:00:00;18.605028;4.465029;11.795863;98;49;72.5;15.893093;5.6920996;9.211347;73.24523
2019-04-02T00:00:00;19.945028;7.9550285;13.79586;88;36;64.833336;21.142147;6.1305785;12.108673;217.88278
2019-04-03T00:00:00;12.065029;2.6350288;8.679196;95;70;87.458336;16.595179;4.379589;9.568233;232.78787
2019-04-04T00:00:00;5.0250287;1.9650288;2.9962788;100;86;93.5;11.212135;2.5959969;7.2614517;242.92224
2019-04-05T00:00:00;11.285029;0.36502874;6.0429454;95;56;75.25;12.620554;5.6233797;8.676129;117.306885
2019-04-06T00:00:00;16.925028;2.2550287;10.420861;98;46;69.583336;14.512064;0.8049845;7.4510827;88.82285
2019-04-07T00:00:00;11.865029;6.425029;8.710446;93;75;87.041664;15.778516;3.9763298;11.885896;233.23358
2019-04-08T00:00:00;13.165029;6.5050287;10.340863;95;65;78.458336;13.849477;4.68;9.753088;226.65375
2019-04-09T00:00:00;13.795029;9.355029;11.441693;87;62;76.458336;6.87779;3.096837;5.4537945;293.778
2019-04-10T00:00:00;11.525029;9.175029;10.475029;97;78;90.458336;12.371645;2.968636;7.468014;324.84113
2019-04-11T00:00:00;13.015029;4.825029;9.273362;96;56;74.25;29.598919;11.304229;19.134165;33.956726
2019-04-12T00:00:00;11.435029;3.7350287;8.097529;83;50;65.333336;22.065973;8.905908;13.196922;36.492783
2019-04-13T00:00:00;6.775029;2.4750288;4.995029;87;72;79.208336;12.429127;6.489992;9.048292;358.93732
2019-04-14T00:00:00;7.815029;1.5250288;4.7546124;93;56;80.541664;19.562946;6.9899354;11.789235;7.991928
2019-04-15T00:00:00;15.975029;2.1650288;8.667529;99;51;77.083336;25.20257;4.32;11.708255;93.53713
2019-04-16T00:00:00;14.305029;0.10502875;8.653362;98;55;81.208336;12.096214;3.6179552;7.591873;183.06308
2019-04-17T00:00:00;17.845028;9.445029;12.665444;98;52;79.166664;14.145756;1.2979984;6.826963;83.05086
2019-04-18T00:00:00;21.345028;4.555029;13.369613;98;42;69.083336;13.084402;5.3517847;8.465054;98.05729
2019-04-19T00:00:00;22.265028;3.6650288;14.390446;89;38;60.833332;7.7879906;2.3051248;5.4176164;127.95929
2019-04-20T00:00:00;22.645027;5.4150286;15.156278;87;42;63.583332;16.676977;3.671294;9.124537;88.54452
2019-04-21T00:00:00;23.015028;5.7850285;15.315444;100;36;65.291664;10.805999;4.802999;7.332045;90.830315
2019-04-22T00:00:00;22.945028;7.4050283;16.170446;94;38;63;16.56;4.5536795;9.582007;94.49715
2019-04-23T00:00:00;20.525028;5.9150286;14.820027;90;50;70.208336;18.844202;1.1384199;7.4210916;194.35426
2019-04-24T00:00:00;23.135029;7.6150284;14.200446;100;43;76.291664;30.190672;3.0547013;11.159218;157.75763
2019-04-25T00:00:00;22.065027;7.515029;14.619611;97;41;71.083336;17.072504;5.315336;9.538333;141.22263
2019-04-26T00:00:00;13.395029;5.105029;9.470447;97;59;81.375;16.09969;7.928177;12.075939;239.7752
2019-04-27T00:00:00;11.655029;6.2850285;9.217946;89;66;79.083336;32.136932;14.186923;22.55021;244.51288
2019-04-28T00:00:00;9.095029;5.225029;7.0979457;94;73;83.833336;17.377226;3.6;11.905141;248.1986
2019-04-29T00:00:00;12.285029;6.1150284;9.2154455;96;59;76.166664;10.239453;0.71999997;5.78476;9.489548
2019-04-30T00:00:00;13.435029;7.6550283;10.745862;86;63;73.708336;8.891344;2.5455842;5.253616;359.69684
2019-05-01T00:00:00;18.745028;7.8650284;12.970447;96;48;70.666664;10.966713;0.35999998;5.244599;94.628136
2019-05-02T00:00:00;17.715029;7.0450287;12.207946;95;51;77.583336;15.137133;3.2599385;9.356369;239.28247
2019-05-03T00:00:00;12.105029;9.505029;10.600029;96;72;83.75;13.397612;4.3498964;9.215962;305.635
2019-05-04T00:00:00;10.505029;3.2450287;7.9291954;92;74;81.708336;22.35481;3.9763298;13.61436;284.75296
2019-05-05T00:00:00;9.415029;1.2450287;4.815029;100;40;69.041664;22.33161;4.6938257;12.652561;359.2191
2019-05-06T00:00:00;11.065029;0.40502882;6.6175284;85;45;62.666668;7.754637;0.8049845;4.751454;338.852
2019-05-07T00:00:00;16.385029;-0.7249713;9.714612;88;43;60.791668;7.145796;2.3051248;5.7781215;161.131
2019-05-08T00:00:00;12.745029;8.775029;11.095448;97;70;89.416664;15.716793;5.8603754;10.391808;164.88527
2019-05-09T00:00:00;12.815029;8.355029;10.808361;96;76;84.333336;41.23847;13.979871;27.18783;224.26517
2019-05-10T00:00:00;15.4550295;9.115028;12.273778;87;66;76.666664;21.749481;3.5455887;9.507625;228.78505
2019-05-11T00:00:00;14.625029;6.895029;12.10753;92;59;80.875;40.01024;7.24486;24.598475;246.24046
2019-05-12T00:00:00;13.775029;5.7850285;10.002112;99;49;69.666664;21.578989;4.1046314;12.482785;15.405838
2019-05-13T00:00:00;16.435028;-0.024971247;9.806695;94;43;62;33.40831;11.753876;21.279055;48.470825
2019-05-14T00:00:00;13.375029;-1.5949712;8.397113;95;46;63.583332;29.627365;8.913181;19.25113;55.92498
2019-05-15T00:00:00;14.645029;0.37502885;9.2379465;90;49;63.5;27;9.19939;18.414307;54.858727
2019-05-16T00:00:00;15.135029;6.3250284;11.331695;81;57;69.083336;15.03835;5.634891;10.092815;47.853302
2019-05-17T00:00:00;18.285028;7.015029;12.542529;99;55;81.125;13.084402;4.3349743;7.069923;217.40535
2019-05-18T00:00:00;16.945028;9.305029;13.600446;100;66;79.416664;7.0911775;1.835647;4.560942;340.57446
2019-05-19T00:00:00;16.105028;12.475029;13.943779;97;73;88.916664;10.538843;3.6;5.843027;283.17892
2019-05-20T00:00:00;15.595029;12.565029;14.049195;98;85;92.625;20.037485;3.4152596;10.00957;274.47263
2019-05-21T00:00:00;14.855029;11.4550295;12.941696;96;85;91.166664;16.87398;7.9932976;13.722618;262.60934
2019-05-22T00:00:00;18.985027;9.555029;14.9846115;100;48;67.458336;11.457958;3.8939953;7.4080367;317.25458
2019-05-23T00:00:00;20.905027;8.215029;15.629193;95;49;66.166664;8.435069;2.2768397;5.6503315;65.46227
2019-05-24T00:00:00;22.615028;8.725029;16.96336;94;48;67.125;6.8399997;2.968636;5.0136523;56.309906
2019-05-25T00:00:00;19.315027;12.375029;16.554613;93;58;72.25;10.829959;0.71999997;5.353786;338.01477
2019-05-26T00:00:00;20.805029;10.395029;16.630028;100;55;70.791664;7.072878;2.9024127;4.9822354;281.01874
2019-05-27T00:00:00;18.285028;12.695029;16.255861;88;62;73.541664;10.787993;5.7599998;8.429053;261.8699
2019-05-28T00:00:00;14.265029;10.875029;13.128779;95;72;82.708336;19.386591;4.5536795;11.958501;280.85248
2019-05-29T00:00:00;14.635029;9.4550295;12.040029;93;62;75.875;9.826088;1.08;6.0776944;309.70993
2019-05-30T00:00:00;19.705029;11.215029;15.841277;79;51;63.5;7.289445;0.35999998;4.55195;224.32596
2019-05-31T00:00:00;23.055029;9.135029;17.15961;95;55;72.375;11.304229;1.8;5.9898624;78.76686
2019-06-01T00:00:00;25.925028;11.875029;19.338362;100;50;73.541664;8.942214;3.6179552;5.8471622;88.41862
2019-06-02T00:00:00;27.925028;10.855029;21.14253;99;44;68;7.42159;3.319036;5.8467193;165.13464
2019-06-03T00:00:00;28.185028;12.585029;20.215029;93;45;77.75;18.1041;4.6102495;8.867784;200.85446
2019-06-04T00:00:00;29.765028;15.175029;22.476278;99;41;72.5;15.990646;4.39436;9.081626;137.55553
2019-06-05T00:00:00;28.555029;14.385029;22.690863;99;46;72.666664;18.844202;2.5455842;8.310363;116.198166
2019-06-06T00:00:00;19.915028;9.165029;13.986693;97;62;84.083336;23.233253;0.5091169;10.839432;249.3818
2019-06-07T00:00:00;25.935028;9.355029;16.386276;98;51;78.125;24.216522;6.763786;11.884681;190.83305
2019-06-08T00:00:00;20.375029;9.405028;15.528361;83;43;59.583332;29.5551;4.379589;16.633966;245.03181
2019-06-09T00:00:00;20.335028;8.875029;15.384613;97;58;82.208336;9.255571;2.1897945;5.499092;75.771324
2019-06-10T00:00:00;18.675028;15.355029;16.918364;98;87;94.5;10.182337;1.9386592;6.1182365;314.87125
2019-06-11T00:00:00;16.07503;13.615029;14.876279;97;89;94.166664;10.685391;4.6938257;7.923843;334.26678
2019-06-12T00:00:00;19.545029;11.675029;15.512946;97;59;79.458336;15.905319;3.8268526;7.9784827;257.63596
2019-06-13T00:00:00;22.865028;14.095029;18.467115;89;46;65.416664;9.47012;1.5273507;5.574714;146.73077
2019-06-14T00:00:00;26.365028;9.875029;19.544193;96;55;75.25;19.171478;1.835647;9.296548;47.376938
2019-06-15T00:00:00;21.985027;15.965029;18.901274;98;65;84.791664;10.8955765;3.319036;7.2778473;278.7273
2019-06-16T00:00:00;20.265028;13.755029;16.52461;98;65;84.041664;9.19939;2.2768397;4.9924445;20.907974
2019-06-17T00:00:00;25.345028;12.965029;19.190863;99;56;77.166664;16.1198;3.6;8.256322;73.92471
2019-06-18T00:00:00;27.525028;14.945029;21.880447;99;45;71;8.913181;3.219938;6.018448;177.32457
2019-06-19T00:00:00;29.125029;13.765029;22.439194;93;42;70.666664;14.76439;4.68;9.260446;213.22734
2019-06-20T00:00:00;20.185028;16.055029;18.861277;94;79;85.125;8.669949;2.0364676;5.001795;267.1376
2019-06-21T00:00:00;20.985027;14.245029;17.851698;99;68;84.25;9.885262;1.08;6.1022854;26.952179
2019-06-22T00:00:00;19.955029;15.355029;18.052528;100;83;90.166664;10.948973;2.6208394;6.25048;21.801392
2019-06-23T00:00:00;25.885029;16.475029;20.490028;98;61;82.208336;14.081478;0;6.4189916;78.547035
2019-06-24T00:00:00;29.955029;15.215029;22.792114;99;52;76.666664;11.5199995;5.3999996;7.3191085;101.1914
2019-06-25T00:00:00;33.63503;17.385029;26.323362;100;46;73.375;6.763786;2.4149535;5.2221365;118.46753
2019-06-26T00:00:00;34.825027;20.805029;28.614609;100;42;70.791664;5.154415;2.52;4.066999;102.86711
2019-06-27T00:00:00;33.42503;21.425028;27.613777;100;57;77.541664;15.459054;2.52;8.849366;34.675323
2019-06-28T00:00:00;29.855028;19.465029;24.547112;98;54;74.458336;15.9134655;4.6800003;9.630036;51.888245
2019-06-29T00:00:00;31.145027;15.745029;24.02211;100;48;72.541664;11.159999;4.68;7.839249;85.48601
2019-06-30T00:00:00;32.88503;16.725029;26.836695;96;50;70.083336;16.965895;4.8965297;9.810042;223.68954
2019-07-01T00:00:00;31.195028;20.155027;25.279198;95;56;79.333336;12.522619;0.35999998;6.4712315;241.45677
2019-07-02T00:00:00;25.745028;17.835028;21.898361;100;60;77.333336;14.618837;5.04;8.920656;34.334457
2019-07-03T00:00:00;26.005028;14.685029;20.288776;97;55;73.916664;16.676977;6.696387;10.438884;43.808975
2019-07-04T00:00:00;26.655027;12.405029;20.845446;92;54;69.75;14.168641;4.2136917;8.479693;43.588318
2019-07-05T00:00:00;28.495028;15.745029;22.989191;99;45;67.708336;9.107359;0.8049845;4.8081603;273.719
2019-07-06T00:00:00;29.445028;14.695029;23.584612;98;42;73.708336;15.042659;5.0911684;8.1494;227.68843
2019-07-07T00:00:00;26.845028;17.595028;22.167526;92;60;78.541664;16.65754;4.6102495;9.590765;242.1391
2019-07-08T00:00:00;20.575027;14.975029;17.91461;96;69;82.958336;8.64;1.8;5.292003;9.782394
2019-07-09T00:00:00;21.495028;10.475029;17.294613;100;54;70.416664;17.208603;5.1165614;11.475736;39.30008
2019-07-10T00:00:00;22.555029;8.595029;17.355444;90;49;64.75;12.031756;2.0991426;7.985269;41.569473
2019-07-11T00:00:00;22.805029;14.465029;18.93836;83;56;68.125;8.404285;0.71999997;3.8908103;149.20969
2019-07-12T00:00:00;22.825027;14.915029;19.149195;93;64;79.208336;19.917469;4.3498964;11.39318;251.3175
2019-07-13T00:00:00;21.525028;15.385029;17.840029;96;57;76.666664;11.570515;3.096837;6.4186244;301.597
2019-07-14T00:00:00;20.625029;11.125029;16.175863;99;66;80.875;19.734436;1.8;10.920814;35.117126
2019-07-15T00:00:00;21.755028;13.365029;17.888361;95;62;76.291664;17.31746;3.096837;11.941529;37.232513
2019-07-16T00:00:00;25.095028;14.035029;20.175028;96;55;72.375;6.297428;1.2979984;3.5087376;6.20343
2019-07-17T00:00:00;25.845028;13.855029;21.055027;100;46;67.25;9.826088;1.8;5.658934;244.79887
2019-07-18T00:00:00;26.145027;14.825029;21.50878;85;44;63.666668;14.113653;5.937272;9.0004635;231.10931
2019-07-19T00:00:00;25.545029;14.025029;21.30878;86;51;67.875;14.4;0.71999997;7.3203845;232.31216
2019-07-20T00:00:00;30.475029;14.875029;23.485865;99;42;71.041664;25.812277;5.6002855;11.871971;214.13995
2019-07-21T00:00:00;25.995028;19.455029;23.24336;100;55;73.666664;11.792404;0.71999997;6.174916;244.85521
2019-07-22T00:00:00;29.095028;15.555029;23.393362;100;51;71.25;6.297428;2.16;5.1687813;77.83497
2019-07-23T00:00:00;31.535028;17.715029;25.319193;97;48;70;9.779817;3.8773184;6.3124166;95.43374
2019-07-24T00:00:00;33.805027;18.235027;27.176697;98;43;67.625;6.4096174;0.8049845;4.9296765;168.49226
2019-07-25T00:00:00;33.945026;19.385029;28.07086;94;44;65.416664;10.853866;3.396233;6.5924363;115.12669
2019-07-26T00:00:00;31.815027;22.725029;27.033777;94;42;72.5;7.928178;1.8;5.0411873;170.11588
2019-07-27T00:00:00;24.745028;19.465029;22.142946;95;68;81.75;13.32;4.3349743;7.183659;230.62463
2019-07-28T00:00:00;19.455029;15.805029;17.756697;97;85;93.041664;17.339897;4.6102495;10.938361;243.59001
2019-07-29T00:00:00;24.465029;15.775029;20.316694;95;63;77.583336;9.178235;1.484318;5.813265;100.43746
2019-07-30T00:00:00;26.385029;16.385029;20.97503;100;54;77.583336;11.770403;4.32;8.081609;248.3419
2019-07-31T00:00:00;21.935028;16.275028;18.640863;83;61;71.958336;8.311245;3.319036;5.9985223;238.28986
2019-08-01T00:00:00;25.025028;13.265029;19.570862;100;52;73.833336;9.693296;2.968636;5.9113507;54.21102
2019-08-02T00:00:00;24.955029;17.505028;20.867529;83;58;69.625;9.028754;2.16;5.1700025;288.07233
2019-08-03T00:00:00;24.255028;14.595029;19.844614;93;53;70.541664;12.229406;4.6938257;7.6692886;301.80942
2019-08-04T00:00:00;26.815027;13.145029;21.014612;96;49;69.041664;6.489992;1.609969;3.890702;124.65132
2019-08-05T00:00:00;28.615028;17.515028;23.27253;86;49;68.625;17.163355;3.8268526;9.9890375;219.75653
2019-08-06T00:00:00;27.095028;18.155027;22.493776;93;60;79.291664;14.145756;4.2136917;8.283804;192.85178
2019-08-07T00:00:00;21.525028;16.875029;20.227108;97;85;91.208336;10.990322;5.00128;7.0814652;210.5264
2019-08-08T00:00:00;26.405027;16.255028;21.030443;100;52;76.375;7.6367526;1.1384199;5.3924828;189.83356
2019-08-09T00:00:00;31.525028;16.685028;25.091696;90;48;70;16.800856;6.3690495;9.19904;178.53984
2019-08-10T00:00:00;24.335028;17.815027;21.86586;96;63;80.791664;15.7908325;6.9527545;10.680579;229.68188
2019-08-11T00:00:00;26.605028;15.725029;19.902945;99;59;83.75;13.830749;2.5455842;7.9175534;350.6764
2019-08-12T00:00:00;18.255028;14.225029;15.518779;96;82;92.125;10.829959;3.4152596;6.2492585;278.2192
2019-08-13T00:00:00;19.835028;12.635029;16.326279;96;56;74.208336;9.449572;1.08;6.289455;251.15115
2019-08-14T00:00:00;21.845028;11.545029;17.318361;91;51;68.791664;7.4128532;0.35999998;4.0066924;162.84477
2019-08-15T00:00:00;20.875029;9.645029;16.246277;94;61;76.333336;24.033876;7.4128532;13.984115;227.94966
2019-08-16T00:00:00;23.635029;14.845029;19.402945;83;55;68.166664;8.891343;2.3051248;6.0685573;194.57422
2019-08-17T00:00:00;25.545029;12.855029;20.27836;93;53;73.583336;21.178896;1.2979984;10.228255;210.15237
2019-08-18T00:00:00;30.855028;14.525029;22.929611;95;43;72.875;23.507753;6.1305785;12.319763;221.84929
2019-08-19T00:00:00;22.025028;19.265028;20.472113;100;72;85;6.2145634;0.35999998;3.087106;234.00479
2019-08-20T00:00:00;18.965029;14.365029;17.24086;96;84;91.791664;6.849467;0;3.0017083;325.0975
2019-08-21T00:00:00;22.695028;12.555029;16.852945;100;56;80.958336;22.406927;3.2599385;11.550019;70.32549
2019-08-22T00:00:00;24.795029;12.185029;18.924612;100;62;78.958336;9.693296;2.8799999;6.1789308;56.468086
2019-08-23T00:00:00;24.225029;16.205029;19.729195;100;66;82.708336;13.708391;2.968636;6.944702;80.724846
2019-08-24T00:00:00;26.285028;15.215029;20.365026;99;60;80.791664;5.2416787;1.08;4.0266547;125.86038
2019-08-25T00:00:00;27.925028;16.07503;22.009195;100;47;73.791664;6.12;1.609969;3.989154;152.1197
2019-08-26T00:00:00;28.425028;13.825029;21.84086;98;46;71.125;6.130579;1.8;4.7793875;126.66379
2019-08-27T00:00:00;29.795029;14.715029;22.92961;99;42;69.25;7.289445;2.8116899;6.09769;165.12183
2019-08-28T00:00:00;28.835028;20.235027;24.395445;84;49;66.791664;7.42159;3.0547013;5.596947;188.43413
2019-08-29T00:00:00;26.985027;16.445028;22.384195;90;54;71.708336;9;1.484318;5.5976143;195.22214
2019-08-30T00:00:00;27.445028;16.705029;22.190027;99;55;76.083336;9.220499;2.52;5.8005214;84.289406
2019-08-31T00:00:00;29.255028;16.365028;22.683777;100;46;72.916664;13.044722;4.6800003;7.5838017;184.93208
2019-09-01T00:00:00;25.875029;13.895029;20.10211;93;61;78.125;10.1376915;3.6;6.632359;240.18845
2019-09-02T00:00:00;19.765028;13.395029;17.530027;94;61;76.333336;10.931203;2.16;7.3195643;21.75148
2019-09-03T00:00:00;22.615028;11.495029;17.235447;96;46;69.916664;6.0347;0.5091169;3.2558088;74.054596
2019-09-04T00:00:00;24.665028;8.575028;17.381695;96;47;70.333336;15.5843;5.3517847;8.207142;219.82323
2019-09-05T00:00:00;18.455029;8.685029;14.266696;93;49;71.625;16.199999;5.4477882;10.908853;321.2345
2019-09-06T00:00:00;17.735027;11.775029;14.83253;90;64;73.375;13.896187;2.1897945;9.640147;25.787308
2019-09-07T00:00:00;19.495028;12.305029;15.823361;88;45;65.083336;12.605142;1.609969;7.0226974;247.60327
2019-09-08T00:00:00;14.535029;11.645029;12.998361;92;69;83.958336;13.53236;1.2979984;6.989074;304.9025
2019-09-09T00:00:00;16.885029;10.225029;12.726696;95;56;79.791664;7.0911775;1.1384199;4.6159782;233.74617
2019-09-10T00:00:00;21.355028;8.965029;15.346276;93;49;69.958336;10.233123;4.3349743;6.473286;58.091896
2019-09-11T00:00:00;21.645027;9.465029;15.650863;100;57;75.291664;15.0038395;0.8049845;5.290849;296.72076
2019-09-12T00:00:00;23.825027;14.835029;19.26961;81;45;63.25;5.495161;1.609969;3.9318373;180.69028
2019-09-13T00:00:00;24.965029;11.355029;19.067945;98;58;75.708336;11.753877;0.71999997;6.278425;55.629326
2019-09-14T00:00:00;24.585028;15.985029;19.91836;100;65;82.75;9.904906;2.8799999;5.873804;78.42303
2019-09-15T00:00:00;27.145027;15.865029;21.134613;100;58;80.458336;6.9899354;1.1384199;4.737917;185.79697
2019-09-16T00:00:00;27.495028;13.915029;21.416277;95;49;73.666664;14.205182;3.396233;7.642238;229.04202
2019-09-17T00:00:00;23.805029;12.725029;17.897943;100;51;79.875;11.966953;0.8049845;7.368423;6.3855896
2019-09-18T00:00:00;19.605028;6.965029;13.327529;96;53;74.75;22.545315;8.209263;13.546725;50.594055
2019-09-19T00:00:00;18.775028;2.2750287;10.360862;96;48;74.291664;26.795223;6.8777895;14.712643;52.742737
2019-09-20T00:00:00;19.845028;2.2750287;11.038779;100;44;71.125;13.32;5.3999996;9.051933;78.1364
2019-09-21T00:00:00;23.975029;5.0850286;15.144195;90;51;71;7.7043357;2.52;5.7442074;120.56716
2019-09-22T00:00:00;25.325027;12.305029;19.300863;91;47;74.166664;7.928178;3.7585104;5.6409364;169.61598
2019-09-23T00:00:00;18.995028;11.585029;15.05003;95;60;81.083336;32.686733;5.8603754;13.537492;242.76016
2019-09-24T00:00:00;19.445028;6.5750284;13.257946;99;62;85.083336;16.80857;6.3690495;9.799787;182.4986
2019-09-25T00:00:00;16.81503;13.215029;14.600863;93;70;83.375;23.532547;10.495713;17.111094;234.72859
2019-09-26T00:00:00;17.715029;12.265029;14.527944;95;80;91.166664;16.055355;8.287822;11.46012;201.38013
2019-09-27T00:00:00;20.365028;7.4550285;14.482528;97;64;86.083336;24.881702;10.08;15.839165;229.61739
2019-09-28T00:00:00;18.445028;10.375029;14.66628;89;57;76.458336;26.250393;7.928177;16.818983;242.16035
2019-09-29T00:00:00;24.545029;7.645029;17.015444;90;36;63.791668;43.9436;7.5685663;21.166693;225.6423
2019-09-30T00:00:00;19.305029;12.855029;16.29003;82;54;68.875;41.899426;4.8965297;22.430555;255.77023
2019-10-01T00:00:00;23.085028;7.715029;15.670861;96;54;80.583336;23.847115;7.072878;13.466607;220.17923
2019-10-02T00:00:00;16.335028;9.615029;13.020446;93;72;86.333336;25.0064;7.386582;17.842361;267.1007
2019-10-03T00:00:00;14.425029;7.935029;10.740447;77;53;66.333336;5.8048253;0;2.769867;354.68546
2019-10-04T00:00:00;12.805029;5.475029;10.037112;92;71;84.791664;19.107151;5.1919937;12.974927;209.459
2019-10-05T00:00:00;13.085029;11.665029;12.284195;96;85;92.916664;17.992796;0.5091169;10.718143;258.1671
2019-10-06T00:00:00;15.435029;10.055029;12.83128;96;83;91.583336;27.086262;0.35999998;11.190497;236.09505
2019-10-07T00:00:00;13.515029;8.145029;11.021278;97;74;84;12.7279215;5.692099;8.550183;232.36676
2019-10-08T00:00:00;18.935028;9.7050295;13.548362;91;62;79.625;15.2947035;7.628263;11.635388;200.96176
2019-10-09T00:00:00;14.865029;10.505029;13.36003;97;70;87.875;31.470673;3.9763298;17.546484;243.63498
2019-10-10T00:00:00;13.325029;6.855029;10.695446;90;74;82.875;28.82249;8.28;20.487501;237.53552
2019-10-11T00:00:00;20.445028;1.7850288;11.2971115;95;48;74.541664;10.805998;6.924738;9.061564;176.7698
2019-10-12T00:00:00;24.735027;4.0450287;14.991696;95;47;73.75;12.303366;8.089993;9.630344;175.78891
2019-10-13T00:00:00;26.465029;9.485029;18.136694;96;46;71.625;14.512064;7.127636;9.390183;158.4287
2019-10-14T00:00:00;24.745028;8.9950285;16.834612;92;47;72.541664;11.480557;6.1305785;8.021502;139.03682
2019-10-15T00:00:00;20.705029;6.9950285;12.864196;94;52;84.5;28.1169;5.0911684;13.109673;228.6717
2019-10-16T00:00:00;18.545029;8.485029;12.796695;93;50;75.333336;17.786331;7.9526596;12.098332;202.79866
2019-10-17T00:00:00;18.585028;9.665029;13.559194;96;52;78.25;11.440978;5.495161;8.779255;180.7413
2019-10-18T00:00:00;18.025028;12.665029;15.034195;98;69;86.416664;19.878391;5.692099;10.327684;195.18584
2019-10-19T00:00:00;17.165028;12.625029;14.519196;98;80;93.416664;9.339208;2.8799999;6.43264;130.57043
2019-10-20T00:00:00;22.105028;9.855029;16.313362;98;61;80.791664;8.942214;3.671294;6.7090364;126.7901
2019-10-21T00:00:00;16.205029;13.235029;14.764613;97;81;90.833336;9.0645685;3.0758414;5.8498;279.4195
2019-10-22T00:00:00;17.565027;12.075029;14.306281;96;81;90.083336;11.480557;4.3349743;7.576245;48.058685
2019-10-23T00:00:00;21.415028;11.515029;15.299613;100;62;85.208336;7.928178;4.896529;6.1323853;102.295265
2019-10-24T00:00:00;19.965029;12.485029;15.43586;97;62;84.208336;14.168641;5.0911684;7.3416696;238.91019
2019-10-25T00:00:00;16.90503;9.215029;13.006278;96;64;82.791664;9.793059;0.71999997;5.812912;220.10092
2019-10-26T00:00:00;21.985027;7.8350286;13.79128;100;57;80.541664;10.086427;5.315336;7.804766;174.24272
2019-10-27T00:00:00;20.965029;6.345029;14.039612;97;55;79.541664;16.575644;2.6208394;9.313633;226.44193
2019-10-28T00:00:00;14.505029;11.115029;12.99628;96;88;93.458336;9.220499;2.8799999;7.2601757;37.948563
2019-10-29T00:00:00;10.895029;9.205029;9.839612;96;86;92.291664;10.44;4.0249224;7.1637244;54.33383
2019-10-30T00:00:00;10.165029;8.795029;9.256696;96;87;93.541664;7.208994;3.2599385;4.9269085;72.64597
2019-10-31T00:00:00;14.925029;9.155028;11.563779;95;72;86.166664;5.5887027;3.319036;4.435573;90.40207
2019-11-01T00:00:00;15.365029;10.785029;12.53128;96;72;89.125;14.77755;4.8965297;10.379115;190.4947
2019-11-02T00:00:00;15.685029;11.795029;13.415862;97;76;89.041664;19.914215;11.367109;15.820613;200.36594
2019-11-03T00:00:00;12.675029;10.215029;11.452945;95;87;91.875;22.406927;4.6938257;13.31178;198.65198
2019-11-04T00:00:00;13.365029;8.675029;10.540444;93;77;85.958336;28.8;13.441071;22.01758;219.07834
2019-11-05T00:00:00;12.365029;8.415029;10.08128;94;62;79.666664;26.072052;5.6920996;11.044715;217.02324
2019-11-06T00:00:00;10.525029;7.815029;8.76878;95;82;90.333336;14.113652;7.386582;10.550055;221.47379
2019-11-07T00:00:00;8.775029;2.325029;6.145862;100;74;88.458336;21.068459;4.1046314;11.012222;187.92572
2019-11-08T00:00:00;7.7050285;5.115029;6.248779;96;82;90.875;8.557102;2.9024127;5.4508376;352.2107
2019-11-09T00:00:00;8.205029;1.4950287;5.637529;95;63;83.25;11.177405;5.3517847;7.2194405;226.29395
2019-11-10T00:00:00;9.875029;-0.78497124;3.7425292;97;58;80.416664;7.289445;1.4399999;4.9294295;107.179535
2019-11-11T00:00:00;10.165029;-0.044971228;4.8708625;99;54;77.958336;18.359999;4.510787;9.282265;201.8406
2019-11-12T00:00:00;8.235029;1.5050288;5.2046123;100;60;80;24.344624;8.669949;15.742997;232.01102
2019-11-13T00:00:00;7.7950287;1.6550288;5.249613;92;59;78.25;17.555307;4.829907;9.221364;218.72272
2019-11-14T00:00:00;9.345029;0.7950288;4.8433623;90;48;70.625;9.387651;1.08;7.1737857;102.09475
2019-11-15T00:00:00;9.225029;2.8750288;5.6733627;94;58;75.916664;15.815435;1.2979984;6.0776463;231.24525
2019-11-16T00:00:00;8.525029;2.2450287;5.4175296;100;67;81.75;6.8777895;0;3.5878952;137.52327
2019-11-17T00:00:00;4.225029;1.5350288;2.135862;96;92;94.75;13.397612;3.4152596;7.6225877;238.32454
2019-11-18T00:00:00;5.5750284;0.7250288;2.7387788;100;78;92.791664;25.006397;12.620554;17.080109;219.85907
2019-11-19T00:00:00;8.2450285;1.0050287;4.186696;95;69;85.5;13.698934;0.5091169;7.316974;51.632523
2019-11-20T00:00:00;6.725029;3.2450287;4.5925293;95;78;90;6.297428;3.6;4.8733945;81.985756
2019-11-21T00:00:00;11.195029;3.835029;6.8996124;95;65;84.166664;6.8777895;0.35999998;4.439821;122.09259
2019-11-22T00:00:00;11.655029;2.3350286;6.5516953;97;59;82.083336;10.823973;4.5536795;7.4059925;115.248795
2019-11-23T00:00:00;11.295029;1.4350288;6.866279;96;61;81.666664;9.511088;3.8773184;6.7403374;113.91008
2019-11-24T00:00:00;12.415029;3.9650288;7.582113;100;71;88.333336;5.771239;3.8773184;4.786365;220.1105
2019-11-25T00:00:00;12.365029;7.105029;8.885029;98;72;88.458336;7.2;2.9024127;4.332868;184.79825
2019-11-26T00:00:00;14.685029;5.2550287;9.107946;95;63;83.5;10.931203;5.771239;8.1990385;172.01462
2019-11-27T00:00:00;13.105029;6.775029;9.470862;92;70;84.583336;35.768856;6.5693827;20.47584;211.3338
2019-11-28T00:00:00;10.4550295;8.465029;9.470862;93;79;86.458336;27.059933;19.469976;22.70375;222.28392
2019-11-29T00:00:00;9.905029;7.735029;8.642945;95;82;91.5;23.863409;6.489992;17.1847;251.02005
2019-11-30T00:00:00;7.4550285;1.8750288;5.617529;94;74;87.666664;9.36;5.1165614;6.6294913;64.10635
2019-12-01T00:00:00;6.4950285;2.1150289;4.6100287;95;67;85.083336;5.2416787;0.35999998;2.7764988;108.434944
2019-12-02T00:00:00;5.7850285;-0.8549712;3.372112;97;63;87.541664;15.175612;3.319036;9.24797;19.128128
2019-12-03T00:00:00;5.6250286;-1.5049713;0.83169556;96;61;84.916664;12.879752;5.3999996;7.8217335;59.61418
2019-12-04T00:00:00;6.675029;-2.3749712;1.3254455;94;57;79.166664;5.8048253;2.8799999;4.526326;118.88057
2019-12-05T00:00:00;8.565029;-0.9249711;2.448362;86;51;73;8.4042845;2.6208394;5.027815;193.25142
2019-12-06T00:00:00;10.645029;-1.8249712;3.0696125;88;47;76.166664;20.633371;7.92;11.310173;202.92645
2019-12-07T00:00:00;8.425029;5.845029;7.287946;96;77;90.458336;24.522314;7.653705;14.868782;230.77617
2019-12-08T00:00:00;12.115029;6.305029;8.526696;96;71;87.708336;26.552288;10.685391;18.5605;211.90137
2019-12-09T00:00:00;8.595029;4.405029;6.237112;93;77;87.5;39.081146;20.61766;30.423157;242.84045
2019-12-10T00:00:00;5.6550283;-1.0549712;2.9162788;94;62;79.833336;18.79255;4.829907;9.16244;241.36906
2019-12-11T00:00:00;7.175029;-0.9349711;3.3537788;92;58;79.791664;17.654688;8.854829;12.096954;196.81966
2019-12-12T00:00:00;5.1650286;-0.63497114;3.022529;97;67;85.75;22.91026;11.885453;16.565334;212.48088
2019-12-13T00:00:00;4.685029;1.3150288;2.708779;99;82;95.208336;59.522057;14.480773;36.42928;236.81117
2019-12-14T00:00:00;9.225029;3.055029;6.1125293;97;75;88.458336;56.914165;25.133053;35.37907;229.621
2019-12-15T00:00:00;13.515029;7.685029;10.310445;96;69;84.625;36.376038;10.315115;24.331263;218.46906
2019-12-16T00:00:00;12.715029;2.3950288;6.6437793;97;61;85.458336;10.97262;8.714677;10.212435;134.52254
2019-12-17T00:00:00;14.555029;3.5050287;7.866696;97;64;84.625;10.97262;6.638072;9.509323;141.5672
2019-12-18T00:00:00;15.255029;4.7050285;9.236695;97;65;85.791664;9.885262;6.763786;8.360318;141.01707
2019-12-19T00:00:00;13.275029;2.9550288;6.780863;98;65;86.958336;10.233123;5.904439;8.312894;135
2019-12-20T00:00:00;8.2450285;2.6350288;5.811695;97;80;93.041664;14.982228;3.8939953;9.380508;162.10997
2019-12-21T00:00:00;9.085029;4.315029;6.4496117;98;75;89.666664;18.057508;7.42159;10.607086;174.05685
2019-12-22T00:00:00;8.135029;5.7850285;6.6837792;92;84;87.541664;44.34434;14.869351;27.871794;231.44357
2019-12-23T00:00:00;7.645029;5.315029;6.0216956;94;87;91.583336;38.1617;20.288164;29.569376;261.32092
2019-12-24T00:00:00;8.135029;5.2550287;6.64253;94;83;89.291664;33.161064;11.885453;19.057402;229.75801
2019-12-25T00:00:00;7.465029;4.905029;6.2021117;92;86;88.791664;32.35997;0.71999997;19.05657;254.26611
2019-12-26T00:00:00;7.1550283;2.5950289;4.832112;95;73;87.083336;12.538134;2.1897945;6.5540447;169.41837
2019-12-27T00:00:00;8.025029;6.2550287;7.1171117;97;82;93.458336;12.4811535;2.0364676;8.174243;226.83284
2019-12-28T00:00:00;6.5350285;0.8550288;4.014196;97;69;89.375;10.948973;5.506941;8.194858;57.90274
2019-12-29T00:00:00;5.845029;-1.3149712;1.4312788;97;56;81.791664;6.6087217;3.96;5.2041373;83.00169
2019-12-30T00:00:00;8.025029;-0.28497124;2.972946;83;46;69.5;7.208994;3.219938;5.0849776;161.56505
2019-12-31T00:00:00;9.775029;0.4150288;4.051279;86;52;71.75;7.5599995;1.08;5.245096;150.22443
2020-01-01T00:00:00;7.895029;0.7050288;3.5616958;93;58;80.291664;5.506941;1.1384199;3.9800377;133.72697
2020-01-02T00:00:00;8.855029;-0.024971247;3.3691957;94;59;80.666664;7.8954163;4.3498964;6.40896;171.03452
2020-01-03T00:00:00;11.215029;1.7650288;6.241279;95;60;82.458336;23.675304;7.10031;13.587811;221.7341
2020-01-04T00:00:00;7.3250284;4.975029;6.532528;96;70;85.541664;15.124284;4.452954;8.825939;260.87555
2020-01-05T00:00:00;6.305029;1.2750288;4.0525293;98;71;82.541664;8.854829;0.35999998;4.1632905;79.27114
2020-01-06T00:00:00;8.775029;-0.7149713;2.8846118;97;61;82.75;9.746631;4.6102495;6.6645656;165.4704
2020-01-07T00:00:00;6.3750286;-0.49497116;3.4104455;97;83;90.5;9.779817;0.5091169;5.977478;202.23499
2020-01-08T00:00:00;11.275029;3.6850288;6.900446;97;54;83.541664;11.27553;5.4477882;8.312869;189.21672
2020-01-09T00:00:00;14.925029;4.2950287;8.740029;93;43;75.291664;11.966953;8.669949;9.679755;178.196
2020-01-10T00:00:00;9.555029;3.3550286;6.185446;96;74;88.791664;25.14852;5.4477882;14.276412;227.0834
2020-01-11T00:00:00;6.3650284;3.2150288;5.130445;95;82;90.791664;5.8048253;1.9386592;3.5367515;144.24611
2020-01-12T00:00:00;8.255029;0.7850288;3.7958622;94;63;82.458336;10.383987;4.68;7.504524;204.41486
2020-01-13T00:00:00;10.865029;1.0750288;5.057112;88;58;74.875;9.387651;5.3999996;6.8256946;175.59073
2020-01-14T00:00:00;12.565029;-0.0749712;5.4191957;92;42;72.041664;15.379206;8.557102;10.596641;169.58214
2020-01-15T00:00:00;12.065029;-0.48497117;4.738363;94;52;78.916664;13.513193;7.289444;9.740497;180.09727
2020-01-16T00:00:00;12.885029;1.5050288;6.5887794;91;60;76.833336;9.72;4.1046314;6.65558;144.82846
2020-01-17T00:00:00;11.445029;-0.29497123;5.0271125;94;55;83.291664;26.6327;7.10031;14.35604;222.35918
2020-01-18T00:00:00;6.015029;1.5350288;4.0191956;91;65;81.791664;24.798225;2.0991426;12.789692;250.9039
2020-01-19T00:00:00;3.7050288;-0.11497116;1.8625288;98;74;89.375;15.463246;3.671294;10.352498;26.034897
2020-01-20T00:00:00;5.2350287;-2.6149714;1.7350289;97;62;83.958336;31.956968;7.754637;19.203352;59.847298
2020-01-21T00:00:00;6.1150284;-2.6149714;0.61544555;96;55;80.041664;6.9899354;3.319036;5.070585;81.552475
2020-01-22T00:00:00;7.7450285;-1.4249711;1.9571118;93;54;78.583336;6.638072;2.1897945;4.6229463;78.01103
2020-01-23T00:00:00;7.3250284;-1.3149712;2.2204452;95;49;77.416664;6.725354;4.3349743;5.7272625;95.107834
2020-01-24T00:00:00;12.295029;-1.4249711;5.3533616;90;56;74.666664;7.754637;0;5.1743903;170.21759
2020-01-25T00:00:00;10.905029;2.4950287;6.568779;100;59;81;5.8048253;2.3051248;4.0359635;151.22849
2020-01-26T00:00:00;11.755029;1.3850288;6.272946;95;58;79.041664;9.504272;5.4119864;7.0886693;184.45375
2020-01-27T00:00:00;11.835029;5.855029;8.225862;96;53;79.041664;31.319998;8.049845;17.257944;209.57176
2020-01-28T00:00:00;7.1250286;4.2050285;5.763363;91;71;81.916664;43.736664;24.315327;33.108734;238.43552
2020-01-29T00:00:00;6.7050285;3.825029;5.145446;95;79;88.416664;38.833305;21.897945;27.768774;259.5979
2020-01-30T00:00:00;13.305029;2.305029;7.063362;97;49;83.583336;20.00512;8.905908;14.66842;201.47679
2020-01-31T00:00:00;11.905029;7.8250284;9.953362;95;87;92.583336;18.671474;11.681987;15.150088;219.13266
2020-02-01T00:00:00;12.675029;9.535029;10.640445;96;75;89.875;36.707645;14.33234;22.820448;223.9339
2020-02-02T00:00:00;12.155029;8.875029;10.587529;96;88;92.416664;37.99663;15.509274;23.159912;226.89832
2020-02-03T00:00:00;12.735029;11.195029;11.918778;94;84;90;42.732468;24.20314;30.07888;241.32962
2020-02-04T00:00:00;11.225029;2.3950288;5.690862;94;75;84.166664;41.89014;18.448023;30.181053;275.7106
2020-02-05T00:00:00;6.1550283;0.58502877;3.258362;95;56;80.958336;16.75064;3.8268526;7.0836387;292.15024
2020-02-06T00:00:00;8.565029;-0.7049713;3.0404456;93;40;67.875;9.227524;4.32;5.4475293;95.39246
2020-02-07T00:00:00;9.555029;-0.5549712;3.9829452;76;45;62.541668;8.287822;4.6800003;6.5067334;127.54393
2020-02-08T00:00:00;13.155029;0.32502878;6.1658626;79;45;63.916668;11.525623;6.151683;8.432177;170.57274
2020-02-09T00:00:00;13.865029;0.27502882;7.2846127;93;50;68.708336;44.5848;12.261158;23.02169;203.82797
2020-02-10T00:00:00;11.305029;7.4950285;9.104611;86;56;75.5;60.942158;45.231243;55.432743;235.54071
2020-02-11T00:00:00;7.305029;4.305029;5.529196;90;75;83.041664;61.55579;37.419224;47.89237;252.25119
2020-02-12T00:00:00;6.1550283;1.6050287;4.052529;92;70;79.958336;44.67047;12.4811535;33.903736;248.70184
2020-02-13T00:00:00;9.645029;0.5050288;5.241279;93;44;79.791664;48.589333;8.942214;24.078703;209.5652
2020-02-14T00:00:00;7.845029;5.175029;6.4329457;94;83;88.625;45.551025;6.849467;24.033705;249.41368
2020-02-15T00:00:00;14.175029;3.8950288;7.8566957;95;48;76.583336;14.003029;5.771239;9.583447;182.82018
2020-02-16T00:00:00;19.295029;3.2150288;9.585445;96;39;71.458336;20.68356;11.966953;14.758411;184.3504
2020-02-17T00:00:00;14.155029;6.6950293;9.25253;97;64;86.75;29.237675;8.64;16.243486;232.13043
2020-02-18T00:00:00;8.365028;3.9350288;5.7691956;89;56;75.458336;28.988384;14.689588;21.816986;244.75227
2020-02-19T00:00:00;6.6950293;2.4950287;5.0029454;95;72;82.083336;29.239891;10.883676;20.548368;239.94368
2020-02-20T00:00:00;12.745029;1.2050288;6.171278;96;55;81.041664;23.507753;9.007196;13.065892;219.4046
2020-02-21T00:00:00;9.715029;4.605029;6.942945;93;46;69.708336;29.598919;5.3517847;13.1155205;262.5078
2020-02-22T00:00:00;14.215029;0.6050288;6.629612;93;40;68.333336;16.485485;7.0911775;11.5887575;219.4224
2020-02-23T00:00:00;14.075029;4.325029;9.555029;92;56;73.375;37.029285;13.493999;24.160284;237.55113
2020-02-24T00:00:00;14.405029;7.1950293;10.660029;97;71;86.791664;26.758923;8.942214;15.530883;233.50682
2020-02-25T00:00:00;9.675029;5.4450293;7.942945;96;67;83.5;35.902668;17.057314;24.756714;238.82607
2020-02-26T00:00:00;5.065029;1.7650288;3.149196;96;72;85.75;47.88;30.631746;38.183414;261.64435
2020-02-27T00:00:00;4.055029;1.2150288;2.456279;98;74;91.208336;71.69786;19.48661;37.985897;242.1407
2020-02-28T00:00:00;9.505029;1.2750288;4.745029;96;34;69.458336;49.946674;10.495713;21.500792;243.1322
2020-02-29T00:00:00;16.535028;5.1250286;9.891696;92;47;72.541664;42.853615;11.440978;23.677675;204.98715
2020-03-01T00:00:00;13.285029;5.8750286;8.911695;86;50;72.666664;61.30579;23.233252;37.163704;225.56041
2020-03-02T00:00:00;6.815029;0.5550288;4.5583625;97;74;87.208336;50.32022;3.9763298;14.224632;218.6056
2020-03-03T00:00:00;7.5450287;2.0050287;4.5683618;94;49;73.791664;41.792576;5.904439;23.243612;262.4483
2020-03-04T00:00:00;9.505029;3.7450287;6.1291957;91;51;72.041664;20.63023;5.8603754;11.673024;228.9909
2020-03-05T00:00:00;9.055029;5.355029;7.1229444;94;63;84.5;29.940662;11.503113;18.090406;174.62329
2020-03-06T00:00:00;7.9150286;3.7150288;5.305445;94;80;87.541664;49.341015;23.675303;39.630222;241.57715
2020-03-07T00:00:00;6.7550287;2.7750287;4.549612;95;61;77.916664;23.441502;6.297428;13.166546;266.29486
2020-03-08T00:00:00;12.235029;0.28502882;6.2512794;92;48;69.916664;18.335276;9.3669195;13.285989;201.59259
2020-03-09T00:00:00;7.2050285;1.3650287;6.068779;100;75;86.708336;24.162945;11.269782;17.032764;254.40091
2020-03-10T00:00:00;7.645029;0.6950288;5.0879455;100;85;91.791664;27.971327;12.313893;19.453423;209.11119
2020-03-11T00:00:00;12.985029;7.3650284;10.375029;95;83;90.458336;19.734436;12.682018;16.46993;220.57278
2020-03-12T00:00:00;15.445029;9.285028;11.599613;95;69;83.333336;40.691147;13.849477;26.212816;250.0899
2020-03-13T00:00:00;10.725029;5.2550287;7.774195;84;42;63.041668;30.018473;1.0182338;19.317814;272.71973
2020-03-14T00:00:00;11.915029;4.8750286;8.217946;73;48;58.875;5.8048253;0.35999998;3.592994;46.24536
2020-03-15T00:00:00;16.015028;1.2550287;8.890445;91;43;64.625;12.496719;5.1165614;7.743816;154.23436
2020-03-16T00:00:00;17.535028;0.58502877;10.060863;90;40;63.166668;8.404285;0.35999998;4.758938;122.42106
2020-03-17T00:00:00;17.365028;5.6950293;12.497947;82;54;68.833336;7.5685663;0.35999998;4.588075;343.65186
2020-03-18T00:00:00;18.685028;7.305029;13.391277;99;56;76.291664;6.297428;1.9386592;3.767876;67.75097
2020-03-19T00:00:00;19.185028;6.9550285;13.935029;100;53;73.208336;4.5820518;0;2.737971;106.43416
2020-03-20T00:00:00;17.815027;11.615029;14.497943;89;53;72.083336;8.287822;0.35999998;4.6657166;38.51187
2020-03-21T00:00:00;11.585029;5.395029;8.769196;98;81;88.375;16.62249;6.439876;12.267423;45.67404
2020-03-22T00:00:00;12.815029;-0.6949713;6.0937786;84;35;60.833332;38.03413;14.81259;22.410225;71.20088
2020-03-23T00:00:00;10.085029;-3.054971;2.096279;81;28;52.458332;30.430117;12.181625;18.692144;71.652794
2020-03-24T00:00:00;9.765029;-4.534971;1.8546124;79;32;53.708332;34.139313;8.217153;18.759123;71.18716
2020-03-25T00:00:00;9.4550295;-3.6349714;2.298362;84;38;60.916668;29.144442;4.8965297;15.334629;60.289986
2020-03-26T00:00:00;10.365029;-2.9449713;3.3171117;91;42;67.333336;18.581022;4.6800003;9.349529;54.45102
2020-03-27T00:00:00;13.725029;0.7650288;7.471279;84;47;66.666664;8.587338;1.0182338;4.1343894;34.07718
2020-03-28T00:00:00;15.375029;4.1650286;10.360446;96;55;73.916664;8.4042845;0.5091169;4.7841153;355.17316
2020-03-29T00:00:00;10.325029;1.9350288;5.4696126;95;64;81.25;25.478743;9.114471;14.7654;6.171753
2020-03-30T00:00:00;8.715029;-0.61497116;3.0208619;95;40;67;47.24237;16.263872;31.64878;50.971405
2020-03-31T00:00:00;9.9550295;-2.1549711;3.5021122;72;39;55.083332;36.26006;13.217443;22.528666;65.983154
2020-04-01T00:00:00;11.465029;-3.724971;4.4021125;88;37;57.791668;15.815435;2.0364676;5.791221;78.08761
2020-04-02T00:00:00;13.725029;1.0150288;7.7441955;76;43;57.791668;16.575644;1.8;8.272389;255.99954
2020-04-03T00:00:00;11.435029;1.7750288;7.375029;90;50;65.625;10.495713;1.1384199;5.634192;299.0017
2020-04-04T00:00:00;16.045029;2.4250288;9.485862;87;45;63.75;14.417988;1.484318;8.25659;89.78935
2020-04-05T00:00:00;19.305029;1.3550287;11.327946;93;40;64.583336;7.7043357;3.8939953;6.2876453;135.0993
2020-04-06T00:00:00;20.375029;1.6550288;12.840028;90;40;60.083332;8.209263;0.35999998;5.136962;168.45583
2020-04-07T00:00:00;21.475029;5.2350287;14.449195;95;40;63.75;19.164719;3.319036;8.974072;92.09891
2020-04-08T00:00:00;21.665028;4.645029;14.850029;90;40;60.708332;9.028754;1.609969;5.6881347;200.32314
2020-04-09T00:00:00;21.715029;7.9050283;16.272528;81;41;58.625;11.090103;1.484318;6.397785;76.58765
2020-04-10T00:00:00;22.155027;8.205029;16.41128;100;40;62.291668;12.496719;3.219938;6.347193;80.20275
2020-04-11T00:00:00;22.105028;7.1950293;16.092527;98;41;62.291668;6.12;2.52;4.3717146;91.65429
2020-04-12T00:00:00;21.985027;7.4950285;15.822945;84;37;59.166668;8.913181;3.671294;6.470682;185.79697
2020-04-13T00:00:00;20.385029;8.555029;15.397944;83;37;60.083332;20.61766;2.0364676;9.784202;358.4759
2020-04-14T00:00:00;12.795029;1.0950288;7.397529;91;39;60.208332;19.85556;9.422101;13.910405;49.290237
2020-04-15T00:00:00;18.575027;-1.7849712;9.198779;88;40;59.916668;10.041354;3.9763298;6.491017;97.585556
2020-04-16T00:00:00;22.485027;3.7250288;14.931277;90;43;62.166668;8.287822;1.484318;5.967674;178.75076
2020-04-17T00:00:00;23.475029;9.195029;17.947529;90;40;59.791668;6.6185193;0.35999998;4.3799324;178.85994
2020-04-18T00:00:00;21.405027;14.685029;18.246277;82;52;65.375;14.417988;0.71999997;6.16453;255.24567
2020-04-19T00:00:00;22.075027;11.795029;16.885862;90;49;71.75;22.057161;1.0182338;11.683303;61.407326
2020-04-20T00:00:00;20.385029;9.155028;14.312528;97;53;74.708336;26.552288;10.009036;16.865477;65.21047
2020-04-21T00:00:00;21.585028;8.035028;14.549195;88;52;67.625;25.14852;6.6087217;14.47116;65.81866
2020-04-22T00:00:00;21.435028;6.0050287;14.357945;85;49;66.541664;15.629971;5.04;8.984485;68.27085
2020-04-23T00:00:00;21.725029;6.895029;15.602112;100;46;67.875;5.6920996;1.08;3.9551032;18.434982
2020-04-24T00:00:00;21.935028;11.035029;17.193363;81;39;61.625;19.881649;7.072878;12.318976;259.1721
2020-04-25T00:00:00;19.555029;13.945029;16.65378;94;53;70.125;6.5693827;0.8049845;4.0038013;304.28687
2020-04-26T00:00:00;20.795029;13.755029;16.977114;77;42;60.333332;9.028754;0.8049845;4.868708;302.65082
2020-04-27T00:00:00;21.535028;9.305029;16.726278;89;43;61.708332;12.904882;1.0182338;8.022854;223.8767
2020-04-28T00:00:00;15.235029;12.585029;14.129615;96;73;86.041664;16.520823;4.896529;11.210312;226.57101
2020-04-29T00:00:00;15.145029;9.945029;12.426281;85;58;70.458336;23.219301;9.826088;17.947407;237.0012
2020-04-30T00:00:00;14.255029;9.475029;12.012112;94;77;83.583336;32.112724;10.440001;18.984491;213.87242
2020-05-01T00:00:00;14.645029;6.1150284;11.41628;94;61;76.5;34.37387;15.94601;24.549742;230.1899
2020-05-02T00:00:00;12.995029;6.8650284;10.210444;97;73;85.541664;24.36591;2.9024127;15.699132;261.34747
2020-05-03T00:00:00;18.605028;5.855029;12.397113;100;47;75.916664;14.587776;4.802999;8.172193;216.34511
2020-05-04T00:00:00;19.435028;12.185029;15.167529;96;61;81.375;11.269782;6.792466;9.103765;262.72498
2020-05-05T00:00:00;14.795029;10.275029;13.215862;97;80;89.416664;9.6932955;4.6938257;7.280426;55.491478
2020-05-06T00:00:00;17.785028;9.335029;13.500861;97;50;74.958336;12.682018;5.3517847;8.262021;58.795578
2020-05-07T00:00:00;21.115028;3.9050288;13.7171135;99;42;65;6.489992;1.9386592;5.214171;97.87202
2020-05-08T00:00:00;24.975029;9.885029;19.042528;84;47;62;9.360001;1.8;5.993301;197.90445
2020-05-09T00:00:00;25.175028;14.305029;20.589197;87;44;63.875;11.212135;1.08;5.6471725;187.76517
2020-05-10T00:00:00;23.295029;15.145029;19.595861;91;54;71.208336;10.966713;0.8049845;6.1723323;166.82286
2020-05-11T00:00:00;17.295029;3.1450288;11.416695;96;78;92.291664;18.0036;2.3051248;8.715767;358.727
2020-05-12T00:00:00;15.545029;4.355029;9.644612;95;44;68.125;26.415268;7.24486;17.714018;62.26895
2020-05-13T00:00:00;14.315029;8.095029;10.70753;97;76;90.791664;13.049689;5.0911684;8.8179035;45.07547
2020-05-14T00:00:00;14.035029;9.565029;11.730446;97;71;84.458336;22.768396;7.0911775;14.891102;45.949997
2020-05-15T00:00:00;15.245029;9.475029;11.987946;81;63;74.166664;16.039202;5.8603754;11.928155;39.190613
2020-05-16T00:00:00;19.835028;7.4050283;14.279611;100;53;70.333336;13.708391;3.4152596;8.830389;43.736877
2020-05-17T00:00:00;20.385029;7.1650286;14.620445;100;53;72.583336;14.20062;2.6208394;8.735106;27.650238
2020-05-18T00:00:00;22.545029;7.8750286;16.043362;100;51;72.166664;12.605142;1.08;6.467982;8.934708
2020-05-19T00:00:00;22.885029;14.065029;18.418776;85;56;69.791664;19.483284;1.8;10.100007;27.026169
2020-05-20T00:00:00;22.675028;9.895029;17.280863;89;56;72.541664;18.11841;4.6938257;11.543495;48.164948
2020-05-21T00:00:00;24.625029;10.515029;18.202112;100;51;72.791664;13.089354;1.5273507;6.1034226;61.250328
2020-05-22T00:00:00;24.955029;10.335029;19.667946;89;55;71.708336;12.4811535;5.495161;8.931474;205.25116
2020-05-23T00:00:00;21.445028;11.085029;15.382945;95;74;87;21.794127;3.8939953;10.827312;251.0856
2020-05-24T00:00:00;17.435028;9.055029;13.4012785;100;56;74.25;16.78156;1.2979984;8.697448;265.62524
2020-05-25T00:00:00;17.475029;8.545029;13.804614;92;65;74.916664;15.629971;1.2979984;8.895452;27.093506
2020-05-26T00:00:00;20.515028;8.625029;15.4846115;97;55;72.083336;20.111729;4.896529;13.1987295;54.485252
2020-05-27T00:00:00;21.925028;5.265029;15.327113;95;48;68.875;19.201874;4.1046314;11.519882;54.258476
2020-05-28T00:00:00;20.325027;9.635029;16.333363;97;54;68.583336;20.390114;1.1384199;11.265572;53.049057
2020-05-29T00:00:00;19.965029;5.685029;14.310445;94;50;66.5;31.237131;11.165805;20.846193;65.72334
2020-05-30T00:00:00;19.625029;4.555029;13.848363;98;50;67.541664;24.606731;7.0911775;15.7394495;62.59964
2020-05-31T00:00:00;19.965029;8.225029;15.005444;83;49;63.666668;21.42227;6.12;14.556808;66.45191
2020-06-01T00:00:00;23.765028;5.095029;15.969611;100;51;70.541664;18.947083;5.04;11.695118;78.79132
2020-06-02T00:00:00;24.595028;9.865029;18.452112;99;47;70.25;12.864649;1.8;6.413507;76.725235
2020-06-03T00:00:00;23.435028;10.475029;17.886696;95;51;75.75;10.948973;4.6102495;7.840691;210.66893
2020-06-04T00:00:00;17.275028;13.985029;15.98586;97;71;84.125;16.808569;6.5693827;12.629846;237.67331
2020-06-05T00:00:00;15.935029;11.625029;13.593362;95;63;78.875;39.246605;12.371645;23.287252;241.00804
2020-06-06T00:00:00;17.415028;11.875029;14.361695;97;80;88;27.553524;4.379589;17.420862;228.29007
2020-06-07T00:00:00;16.005028;11.725029;14.144612;97;64;80.166664;6.638072;1.9386592;4.561871;285.77194
2020-06-08T00:00:00;15.915029;12.405029;14.06628;96;67;76.125;13.556282;5.00128;8.999221;5.062378
2020-06-09T00:00:00;15.805029;11.685029;13.981278;97;81;90.75;13.797912;4.73506;9.048154;354.3089
2020-06-10T00:00:00;15.805029;12.535029;14.203362;97;83;91.916664;8.714677;4.379589;6.8676243;302.21945
2020-06-11T00:00:00;19.545029;13.185029;15.63461;97;62;83.75;8.4042845;3.096837;5.3752327;11.406555
2020-06-12T00:00:00;24.965029;10.835029;18.616278;100;49;72.416664;11.841756;1.08;6.241831;113.0292
2020-06-13T00:00:00;19.465029;14.615029;17.068361;97;65;85.666664;13.009903;1.8;7.722622;300.6186
2020-06-14T00:00:00;19.515028;12.735029;16.262945;97;69;82.458336;15.5843;7.7043357;11.5500345;265.30658
2020-06-15T00:00:00;18.765028;13.305029;16.254614;95;69;80.041664;11.043261;5.4833565;8.225096;269.239
2020-06-16T00:00:00;19.545029;12.755029;16.431278;92;67;77.416664;8.14587;2.3051248;5.64007;292.27185
2020-06-17T00:00:00;16.415028;11.7050295;15.032113;99;84;90.75;12.605142;2.3051248;7.1810055;282.28833
2020-06-18T00:00:00;19.175028;10.055029;14.513778;98;60;79.125;14.003029;6.3690495;9.484361;240.52411
2020-06-19T00:00:00;18.555029;10.935029;15.132111;95;63;76.333336;10.440001;2.4149535;6.906351;250.89102
2020-06-20T00:00:00;21.545029;10.035029;16.182947;99;55;74.791664;5.4833565;0.35999998;3.229091;296.56506
2020-06-21T00:00:00;23.125029;11.415029;18.769613;99;54;70.333336;6.8399997;1.609969;4.3741918;237.68039
2020-06-22T00:00:00;22.725029;16.06503;19.217945;91;62;76.958336;9.290511;3.4152596;6.2288623;1.2188721
2020-06-23T00:00:00;25.985027;14.445029;19.760447;99;55;77.291664;19.813087;4.0249224;11.335673;67.181114
2020-06-24T00:00:00;27.565027;11.085029;20.347944;100;48;72.625;17.31746;5.3999996;11.364929;75.94531
2020-06-25T00:00:00;27.745028;13.315029;21.539612;100;46;70.25;7.2;1.1384199;4.642058;87.24089
2020-06-26T00:00:00;27.585028;18.425028;22.150444;92;59;79.125;13.039754;4.6102495;7.430104;206.17792
2020-06-27T00:00:00;26.615028;17.225029;22.049612;100;54;76.125;19.373219;6.3690495;10.765014;204.52773
2020-06-28T00:00:00;22.195028;17.345028;19.868778;94;67;81.041664;18.671474;4.510787;9.793264;236.04976
2020-06-29T00:00:00;21.305029;13.755029;18.058361;98;62;82.125;20.523157;2.7416782;10.162145;249.3193
2020-06-30T00:00:00;24.025028;10.125029;18.350864;93;56;71.375;20.730501;3.319036;11.818685;241.94188
2020-07-01T00:00:00;28.005028;14.635029;21.56211;99;52;75.291664;16.485485;5.495161;10.173979;220.89902
2020-07-02T00:00:00;21.625029;16.365028;18.825445;100;66;81.458336;18.014393;5.3517847;11.030894;254.03133
2020-07-03T00:00:00;20.365028;15.125029;17.519611;80;60;68.208336;8.913181;2.16;6.248081;309.46576
2020-07-04T00:00:00;23.835028;11.425029;18.328363;100;56;73.708336;17.81909;5.00128;9.771789;239.47464
2020-07-05T00:00:00;23.305029;15.4550295;19.745443;90;68;77.208336;19.05281;9.220499;13.138492;233.35854
2020-07-06T00:00:00;19.425028;12.785029;16.306696;97;52;77.291664;24.1388;6.519877;13.573627;283.37772
2020-07-07T00:00:00;21.415028;11.295029;17.009195;82;50;61.666668;10.636766;1.4399999;6.07427;22.055054
2020-07-08T00:00:00;24.805029;10.695029;19.560862;93;48;64.333336;11.620809;1.8;7.378362;248.34619
2020-07-09T00:00:00;28.785028;15.975029;23.302109;88;50;66;15.39184;4.6938252;8.902339;234.30206
2020-07-10T00:00:00;26.885029;14.945029;21.12211;94;58;78.875;26.882141;6.6087217;13.641109;245.26749
2020-07-11T00:00:00;20.665028;15.295029;17.517113;97;58;76.791664;12.522619;5.4477882;9.341757;18.846222
2020-07-12T00:00:00;23.755028;13.925029;18.410444;84;47;66.25;22.077717;6.489992;13.896805;62.76648
2020-07-13T00:00:00;24.545029;9.635029;18.417528;99;47;69.166664;10.383987;2.4149535;6.269566;48.227524
2020-07-14T00:00:00;22.955029;14.735029;19.480446;88;50;70.416664;9.726665;0.8049845;4.766802;259.40677
2020-07-15T00:00:00;19.715029;15.505029;17.833778;94;74;83.333336;9.3876505;2.1897945;5.526285;242.89188
2020-07-16T00:00:00;17.255028;14.905029;16.073362;97;82;88.583336;11.659777;3.8773184;7.2903953;253.03589
2020-07-17T00:00:00;18.455029;14.175029;16.02003;97;72;86.416664;8.854829;3.0758414;5.7123246;0.97932434
2020-07-18T00:00:00;24.125029;12.695029;18.052946;100;53;76;11.246759;2.6208394;6.39696;76.39945
2020-07-19T00:00:00;26.265028;10.555029;19.977528;96;50;68.916664;6.763786;0;4.0114913;155.64362
2020-07-20T00:00:00;27.985027;13.035029;22.195028;90;42;64.166664;7.754637;3.8268526;5.890288;203.81567
2020-07-21T00:00:00;25.305029;15.105029;20.980864;97;60;78.5;7.289444;0.5091169;3.6308277;54.841125
2020-07-22T00:00:00;25.795029;16.23503;20.816694;100;64;79.875;8.350138;0.71999997;5.1243076;46.041595
2020-07-23T00:00:00;26.065027;14.795029;21.556694;100;49;69.833336;6.5693827;0.35999998;3.9122512;214.49199
2020-07-24T00:00:00;22.895027;15.785029;20.010029;82;58;71.458336;14.494192;3.5455887;8.3056555;249.18279
2020-07-25T00:00:00;25.915028;10.645029;19.860859;93;49;68.875;7.968939;4.73506;7.0639424;184.79877
2020-07-26T00:00:00;23.175028;17.575027;20.537943;91;63;75.041664;19.386591;5.4477882;11.684464;232.26953
2020-07-27T00:00:00;29.915028;14.095029;22.32003;100;49;72.708336;19.09358;5.3517847;9.683411;191.47398
2020-07-28T00:00:00;26.875029;15.145029;21.794615;97;58;77.458336;21.24;5.154415;12.233127;249.42337
2020-07-29T00:00:00;26.565027;17.985027;22.13711;92;51;68.875;6.9527545;2.5455842;4.4290032;350.15417
2020-07-30T00:00:00;30.095028;15.785029;23.817945;93;50;69.291664;5.154415;1.08;3.4953814;70.38212
2020-07-31T00:00:00;32.94503;19.185028;27.043364;98;41;65.958336;6.618519;1.484318;4.472288;143.41467
2020-08-01T00:00:00;31.635029;17.915028;26.303362;88;52;68.791664;12.413476;1.2979984;6.9588485;213.69006
2020-08-02T00:00:00;26.515028;19.035028;22.329613;90;67;81.833336;11.043261;2.5455842;6.4587026;251.9853
2020-08-03T00:00:00;19.375029;16.39503;18.11336;97;75;84.458336;13.755579;2.0991426;7.669845;297.2731
2020-08-04T00:00:00;18.535028;13.365029;16.32878;92;70;81.25;10.990322;4.6800003;7.5196075;336.19406
2020-08-05T00:00:00;24.005028;10.745029;17.12003;98;52;76.708336;19.011953;4.5820518;9.646033;87.594025
2020-08-06T00:00:00;26.215029;12.725029;19.674196;100;57;78.75;11.503113;4.198285;6.859169;87.210526
2020-08-07T00:00:00;28.645027;16.57503;22.343775;100;59;81;10.08;4.6102495;6.4672413;104.03624
2020-08-08T00:00:00;30.755028;18.345028;24.22878;99;47;75.166664;7.69592;4.32;5.6730933;110.86934
2020-08-09T00:00:00;30.565027;16.055029;24.240026;93;45;70.083336;10.08;4.3349743;6.82865;113.60619
2020-08-10T00:00:00;31.545029;16.545029;24.243364;100;49;77.291664;7.4128532;0.71999997;5.165125;144.23918
2020-08-11T00:00:00;30.505028;20.595028;25.071695;96;53;78.875;6.9153743;0;4.3006124;138.38373
2020-08-12T00:00:00;32.17503;18.075027;26.081697;96;46;68.708336;6.9153743;3.219938;5.6843066;135.77872
2020-08-13T00:00:00;28.455029;20.275028;24.667526;93;49;71;13.849477;2.6208394;7.6608424;201.69923
2020-08-14T00:00:00;22.955029;17.825027;20.758362;97;72;84.708336;9.83268;2.7416782;6.389627;227.52612
2020-08-15T00:00:00;26.365028;16.275028;20.948778;98;54;77.375;5.692099;0.8049845;4.1539664;109.39781
2020-08-16T00:00:00;28.975029;16.225029;22.26378;100;51;82.458336;6.2145634;1.1384199;4.4196596;152.9125
2020-08-17T00:00:00;22.545029;16.705029;20.168776;98;60;81.083336;12.4811535;5.4477882;8.671671;246.40175
2020-08-18T00:00:00;21.985027;13.755029;18.436277;96;64;78.125;10.00256;3.8939953;6.799067;204.96036
2020-08-19T00:00:00;26.775028;13.935029;20.566278;100;52;76.5;6.9247384;3.7064266;5.169002;178
2020-08-20T00:00:00;31.415028;18.995028;25.038778;97;40;70.25;10.495713;5.6233797;7.9909306;151.41872
2020-08-21T00:00:00;32.255028;16.295029;25.230026;94;43;68.25;19.171478;5.8603754;10.584558;198.69899
2020-08-22T00:00:00;23.325027;15.915029;20.582943;96;61;80.583336;16.595179;4.32;9.23393;238.91504
2020-08-23T00:00:00;21.335028;13.355029;17.611279;96;59;74.625;20.598795;5.3999996;12.116796;247.27454
2020-08-24T00:00:00;22.265028;11.355029;17.372946;98;49;69.083336;14.869351;4.3349743;8.635493;239.38652
2020-08-25T00:00:00;25.965029;9.255029;18.45003;92;46;67.208336;15.463246;5.6002855;9.683766;182.95584
2020-08-26T00:00:00;23.845028;12.865029;18.52753;96;46;70.208336;37.003025;7.9932966;22.131002;247.46475
2020-08-27T00:00:00;24.515028;12.255029;19.362108;99;52;70.458336;11.592895;3.6;7.189451;215.75389
2020-08-28T00:00:00;21.075027;16.165028;18.873362;97;69;85.958336;15.683774;3.396233;9.107558;220.46686
2020-08-29T00:00:00;17.345028;13.405029;15.22503;98;71;89.416664;9.346143;3.96;6.8463073;180.41418
2020-08-30T00:00:00;15.385029;12.095029;13.785445;97;87;92.958336;11.542478;4.829907;7.305104;192.98477
2020-08-31T00:00:00;17.295029;12.415029;14.913777;97;69;84.416664;10.883676;3.9763298;7.1187654;248.0704
2020-09-01T00:00:00;17.055029;13.535029;15.053779;96;71;84.375;9.605998;2.16;5.1107697;351.00287
2020-09-02T00:00:00;20.315027;12.825029;15.668362;94;53;76.125;7.8954163;1.4399999;4.069275;43.773666
2020-09-03T00:00:00;22.995028;9.165029;16.788778;100;52;71.791664;10.538843;3.8939953;6.7370763;201.66824
2020-09-04T00:00:00;27.295029;11.055029;20.22128;86;48;68.041664;8.089993;4.1046314;6.5555825;183.42769
2020-09-05T00:00:00;26.385029;12.155029;20.113777;95;51;71.833336;17.106628;4.6938257;10.453774;248.60571
2020-09-06T00:00:00;19.345028;16.055029;17.652113;87;59;71.458336;8.4042845;3.96;5.6754556;354.031
2020-09-07T00:00:00;20.165028;13.2050295;16.247528;83;55;70.041664;16.08761;5.0911684;9.995538;37.140152
2020-09-08T00:00:00;23.575027;9.875029;16.97336;100;53;74.875;6.193674;1.609969;3.745786;72.89727
2020-09-09T00:00:00;25.725029;12.795029;19.06753;100;49;74.083336;9.793058;1.5273507;5.5401764;216.8075
2020-09-10T00:00:00;25.005028;12.795029;19.274195;100;56;75.875;13.551501;3.2599385;7.5684676;53.035706
2020-09-11T00:00:00;25.035028;15.155029;19.688362;99;60;80.666664;6.9247384;2.52;4.38257;74.25394
2020-09-12T00:00:00;26.535028;15.275029;20.697113;98;53;76.625;5.5887027;0.5091169;3.2133873;163.39302
2020-09-13T00:00:00;27.735027;14.995029;21.116692;98;52;77.583336;11.620809;3.2599385;6.2977815;94.398705
2020-09-14T00:00:00;29.625029;14.975029;22.167526;100;50;75.958336;6.638072;0.71999997;4.6597533;141.69423
2020-09-15T00:00:00;29.785028;14.535029;23.116697;96;40;67.75;7.10031;0;4.8093586;165.89987
2020-09-16T00:00:00;29.175028;17.185028;22.939611;85;48;71.125;6.4799995;0.8049845;3.9570415;133.45184
2020-09-17T00:00:00;26.105028;14.745029;20.365444;100;57;81;23.773632;3.2599385;11.054635;57.14984
2020-09-18T00:00:00;26.445028;13.825029;19.186695;98;59;82.5;9.028754;5.3999996;6.848044;87.688866
2020-09-19T00:00:00;26.395027;15.575029;20.79586;97;55;76.583336;8.14587;1.1384199;5.196426;90.27679
2020-09-20T00:00:00;26.125029;14.865029;20.783361;99;47;71.375;7.8625183;1.0182338;4.0684237;22.868484
2020-09-21T00:00:00;24.575027;13.815029;19.295444;98;50;73.416664;7.5942073;0.35999998;4.516462;194.1843
2020-09-22T00:00:00;24.155027;11.045029;18.055029;95;50;73.375;11.966954;6.8777895;8.470517;200.11859
2020-09-23T00:00:00;20.845028;12.305029;16.53003;95;63;80.5;11.090103;6.8399997;8.800228;201.51686
2020-09-24T00:00:00;20.805029;11.345029;16.537947;96;59;82.208336;18.335276;5.8603754;12.365718;212.99522
2020-09-25T00:00:00;16.055029;8.225029;11.402946;95;54;81.25;26.729847;14.336861;23.744675;255.50418
2020-09-26T00:00:00;8.835029;6.385029;7.4646115;95;74;90.166664;39.27961;24.18707;31.838287;257.22485
2020-09-27T00:00:00;13.725029;5.3750286;8.701695;94;61;80.875;24.195107;5.5887027;16.84191;219.43414
2020-09-28T00:00:00;14.785029;1.6950288;9.412945;92;56;76.5;13.608762;5.6920996;8.70104;199.75227
2020-09-29T00:00:00;15.165029;9.745029;11.817112;95;67;85.291664;13.450708;3.4152596;9.4208765;204.04422
2020-09-30T00:00:00;19.975029;9.135029;14.148362;99;55;80.791664;6.4096174;2.6208394;4.508479;116.17857
2020-10-01T00:00:00;18.515028;8.875029;13.440446;98;64;87.583336;16.75064;3.2599385;9.379548;197.29677
2020-10-02T00:00:00;20.435028;12.255029;15.427944;98;60;82.916664;13.556282;2.9024127;7.8007374;85.09751
2020-10-03T00:00:00;14.795029;6.815029;10.340445;96;62;84.166664;17.193533;5.8603754;9.994689;198.18906
2020-10-04T00:00:00;16.285028;9.415029;11.9637785;94;48;76.583336;37.05902;5.3999996;20.179613;215.36713
2020-10-05T00:00:00;13.995029;10.045029;11.608363;94;67;82.5;32.138947;7.5599995;20.79139;209.89616
2020-10-06T00:00:00;15.325029;9.865029;12.051696;95;68;83.375;30.10685;13.608762;21.761963;218.35829
2020-10-07T00:00:00;12.355029;7.3750286;10.639195;96;83;89.625;28.820242;11.480557;21.431122;243.63333
2020-10-08T00:00:00;18.735027;6.385029;12.361694;94;57;82.041664;19.008547;8.854829;12.199115;214.93497
2020-10-09T00:00:00;19.815027;8.355029;14.133362;95;61;80.041664;17.238699;6.6087217;10.634974;224.07382
2020-10-10T00:00:00;12.755029;9.715029;11.700446;95;72;83.625;13.783817;5.3999996;9.185175;276.24924
2020-10-11T00:00:00;9.795029;7.1550283;8.831279;89;66;78.541664;9.885262;5.04;7.113161;277.51215
2020-10-12T00:00:00;10.265029;6.185029;7.86503;94;72;85.291664;6.193674;1.484318;3.7203686;282.24234
2020-10-13T00:00:00;12.755029;5.985029;8.964612;88;54;72.416664;10.538843;1.9386592;6.1612377;121.51308
2020-10-14T00:00:00;12.325029;6.315029;9.335029;89;57;71.875;17.072504;4.5536795;10.30477;47.871536
2020-10-15T00:00:00;8.305029;6.675029;7.4250283;96;90;93.541664;11.525623;8.049845;9.584613;1.7840271
2020-10-16T00:00:00;9.555029;7.0050287;8.193778;96;91;94.75;9.779817;7.5170207;8.65516;348.12164
2020-10-17T00:00:00;10.795029;6.9950285;8.756695;96;64;81.166664;8.759178;0.5091169;5.4867;19.350769
2020-10-18T00:00:00;11.755029;6.105029;8.75003;76;55;67.625;4.6102495;0.35999998;2.5699508;266.1432
2020-10-19T00:00:00;14.565029;2.0650287;8.220446;100;53;75.333336;8.209263;2.6208394;5.829745;135.32248
2020-10-20T00:00:00;20.985027;0.045028806;11.657947;95;39;66.541664;9.826088;4.1046314;7.8245296;146.9051
2020-10-21T00:00:00;21.865028;9.795029;16.009195;88;48;67.583336;11.966953;6.489992;8.706516;152.00053
2020-10-22T00:00:00;21.405027;8.255029;14.842945;93;47;75.166664;9.114471;6.489992;7.7780347;163.78827
2020-10-23T00:00:00;17.15503;13.035029;14.47628;97;81;92.333336;19.33639;6.763786;10.448327;204.21419
2020-10-24T00:00:00;14.965029;7.265029;12.190028;94;67;84.5;14.618837;8.28;11.276253;218.42262
2020-10-25T00:00:00;19.705029;2.2150288;11.26503;97;48;74;19.107151;6.0347;10.372426;170.97148
2020-10-26T00:00:00;11.905029;7.315029;9.78753;96;87;92.916664;14.578888;1.1384199;9.417975;203.93597
2020-10-27T00:00:00;12.285029;7.645029;9.381696;92;60;78.333336;21.203358;10.24578;13.706431;206.15851
2020-10-28T00:00:00;13.445029;8.985029;11.015029;88;73;80.666664;23.4;11.298495;15.451297;216.38435
2020-10-29T00:00:00;14.015029;10.425029;11.9829445;93;76;85.541664;26.865265;14.291592;21.0508;236.40106
2020-10-30T00:00:00;16.615028;10.255029;12.831279;96;65;84.625;16.870138;3.396233;11.029275;229.77354
2020-10-31T00:00:00;19.175028;7.635029;12.09628;100;62;84.25;9.726665;5.0911684;6.7747636;167.22693
2020-11-01T00:00:00;19.075027;7.3750286;12.822946;94;70;85.291664;18.556595;9.422101;12.199977;189.54391
2020-11-02T00:00:00;22.135029;14.215029;17.640448;95;64;80.041664;19.652176;9.726665;12.906132;215.92767
2020-11-03T00:00:00;16.57503;9.295029;12.735863;94;82;87.958336;14.512064;6.9527545;10.8488245;291.6811
2020-11-04T00:00:00;10.225029;7.5050287;8.758363;91;73;84;14.264361;5.0911684;10.011139;34.104492
2020-11-05T00:00:00;12.425029;6.485029;8.954196;94;70;85.166664;16.263872;6.2145634;11.391076;57.700317
2020-11-06T00:00:00;13.175029;6.765029;9.204614;94;70;84.833336;7.42159;4.73506;5.9245324;112.65404
2020-11-07T00:00:00;17.935028;1.5050288;9.892113;94;54;76.583336;8.669949;4.73506;6.8494153;125.924
2020-11-08T00:00:00;18.115028;7.4950285;13.296277;90;49;70.458336;6.1094027;0;3.103882;142.19923
2020-11-09T00:00:00;17.695028;7.425029;12.654197;98;53;75.083336;5.1919937;0;3.018501;137.00565
2020-11-10T00:00:00;16.705029;6.4950285;11.3075285;99;62;82.833336;5.692099;1.1384199;3.8584306;146.47551
2020-11-11T00:00:00;14.385029;7.1950293;10.774196;99;68;87.208336;7.4128532;1.8;3.8178642;138.29814
2020-11-12T00:00:00;15.625029;5.115029;10.232945;97;60;82.333336;19.721298;3.8268526;9.044612;200.61697
2020-11-13T00:00:00;17.15503;7.485029;11.924197;96;50;73;11.246759;4.5536795;7.690855;172.08249
2020-11-14T00:00:00;17.725029;4.935029;11.075446;83;53;70.875;8.217153;5.2416787;7.004954;150.71655
2020-11-15T00:00:00;18.775028;3.3150287;10.997945;94;49;73.958336;20.570463;8.0899935;13.0802145;180.21594
2020-11-16T00:00:00;12.475029;7.065029;9.788778;93;78;84.333336;26.7565;9.1641035;17.439238;237.63696
2020-11-17T00:00:00;13.335029;7.645029;9.660028;92;60;77.708336;8.161764;2.7416782;5.7532043;194.85861
2020-11-18T00:00:00;16.125029;2.2150288;8.985029;100;56;79.916664;9.746631;4.8965297;6.50785;160.55997
2020-11-19T00:00:00;10.435029;3.2150288;6.5300293;96;75;88.666664;23.770906;7.5685663;13.584575;241.19931
2020-11-20T00:00:00;7.1250286;2.7750287;5.854195;94;69;84.25;11.631956;2.9024127;7.4561286;16.197968
2020-11-21T00:00:00;7.345029;-0.75497127;3.1841955;99;50;73.958336;6.638072;0;4.077148;139.26788
2020-11-22T00:00:00;10.665029;0.39502883;5.565862;76;39;59.541668;5.8048253;0.8049845;3.5701177;204.77515
2020-11-23T00:00:00;11.005029;3.2350287;6.226279;83;47;64.625;6.297428;3.319036;4.9147477;161.56505
2020-11-24T00:00:00;9.855029;0.8250288;4.7404456;97;64;82.916664;7.2;3.219938;4.8307047;117.96423
2020-11-25T00:00:00;12.815029;-0.3149712;5.8783627;92;54;75.833336;7.7043357;2.2768397;5.558992;146.397
2020-11-26T00:00:00;12.385029;1.3850288;6.215862;99;48;75.375;6.6087217;2.52;5.155091;153.95988
2020-11-27T00:00:00;12.715029;1.0050287;5.978779;86;47;70.875;6.792466;3.8939953;5.5520616;126.00285
2020-11-28T00:00:00;9.965029;0.44502878;3.961279;93;49;77.833336;9.449572;4.3349743;6.894858;75.543236
2020-11-29T00:00:00;4.445029;-1.4849713;0.6241955;97;67;87.125;10.315115;5.2416787;7.237741;59.546524
2020-11-30T00:00:00;4.9850287;-2.744971;0.0654456;98;60;83.416664;8.766573;1.835647;4.403579;177.91743
2020-12-01T00:00:00;3.1350288;0.2950288;2.1133623;96;81;91.666664;21.53089;2.4149535;11.374654;216.54054
2020-12-02T00:00:00;4.685029;1.7150288;2.7600288;95;75;88.083336;8.287822;1.08;4.9839582;27.439728
2020-12-03T00:00:00;5.805029;1.2850288;2.8029459;92;60;79.666664;21.288757;9.726664;14.266192;185.38058
2020-12-04T00:00:00;4.965029;2.2550287;2.9675286;94;68;86.375;11.480557;2.16;6.61118;146.16722
2020-12-05T00:00:00;7.975029;2.0950289;4.1608624;96;68;88.375;12.074766;3.563818;7.5125766;144.48302
2020-12-06T00:00:00;9.165029;3.6450288;5.2587786;96;65;84.291664;7.5942082;2.9024127;5.100029;192.8654
2020-12-07T00:00:00;5.935029;0.21502876;3.9487789;98;72;86.833336;13.527572;3.8773184;9.375902;192.8567
2020-12-08T00:00:00;7.2550287;-0.87497115;2.9091957;100;59;81.458336;8.557102;1.1384199;5.156715;104.808365
2020-12-09T00:00:00;4.765029;1.7850288;3.2687788;95;75;87.958336;11.165805;5.3999996;8.013131;282.11746
2020-12-10T00:00:00;4.695029;-1.8949711;1.0550288;94;65;86;8.0899935;1.8;4.9925528;141.74557
2020-12-11T00:00:00;5.4450293;-2.5749714;1.9116956;100;60;87.083336;15.188415;8.557102;12.66396;157.16301
2020-12-12T00:00:00;7.765029;3.1550288;5.2837787;100;80;94.791664;13.854155;10.239453;11.986084;189.2374
2020-12-13T00:00:00;7.225029;4.5250287;5.850445;99;78;92.291664;12.4811535;6.989936;9.311581;212.21387
2020-12-14T00:00:00;11.425029;2.7750287;6.6296124;100;57;83.541664;10.883676;7.8954163;9.600973;141.55042
2020-12-15T00:00:00;10.295029;5.725029;7.6946125;98;80;92.166664;9.387651;6.830519;7.840067;160.46335
2020-12-16T00:00:00;12.255029;5.225029;8.175861;98;70;89.916664;8.714677;6.3690495;7.6556478;137.18086
2020-12-17T00:00:00;12.445029;1.7050288;7.0287795;96;62;85.083336;14.336861;4.829907;8.973047;180.42052
2020-12-18T00:00:00;12.275029;5.5750284;8.684196;90;60;79.166664;8.161764;4.5820518;6.144356;138.49539
2020-12-19T00:00:00;11.495029;0.10502875;6.125862;94;55;77.291664;9.085988;6.193674;7.793707;138.6788
2020-12-20T00:00:00;8.985029;6.1950293;7.6512794;98;81;92.208336;6.8777895;5.0142193;5.871563;186.88826
2020-12-21T00:00:00;9.685029;6.855029;8.118779;96;72;89.583336;19.562946;5.991594;10.959361;180.83032
2020-12-22T00:00:00;13.865029;8.405028;10.315028;97;77;91.708336;23.000591;11.165805;17.761473;220.68591
2020-12-23T00:00:00;16.32503;8.085029;11.297112;96;67;86.458336;14.654254;7.5685663;10.4709425;201.46576
2020-12-24T00:00:00;11.215029;5.145029;7.821279;96;71;87.458336;41.587402;8.669949;22.581596;240.19592
2020-12-25T00:00:00;4.325029;0.8850288;2.4487789;94;75;84.208336;17.057314;8.287822;12.406468;334.77106
2020-12-26T00:00:00;2.5950289;-2.2649713;-0.02788783;98;61;79.75;9.0645685;2.8799999;6.35314;237.63672
2020-12-27T00:00:00;7.645029;-2.664971;2.5604453;88;41;65.583336;33.092594;8.287822;19.084862;188.02089
2020-12-28T00:00:00;6.3650284;0.015028834;2.6425288;96;65;85.666664;30.282827;10.163227;16.909172;181.60808
2020-12-29T00:00:00;5.845029;2.035029;3.6496124;98;70;87.416664;36.304707;10.587917;24.552446;213.08258
2020-12-30T00:00:00;4.8350286;-0.22497118;2.7087793;95;72;86.333336;18.668005;10.823973;14.200516;221.55602
2020-12-31T00:00:00;3.9050288;-0.7349713;1.3650287;98;76;90.833336;19.245697;7.42159;12.170718;172.1237